date,run,runtime,timeperrun
0,101,1.171617,0.011600168
0,98,1.562583,0.01594472448979592,
0,83,1.431527,0.01724731325301205,
0,5,0.120491,0.0240982,
0,3,0.099819,0.033273000000000004,
0,4,0.115895,0.02897375,
0,10,0.18078,0.018078,
0,10,0.182281,0.0182281,
0,10,0.183282,0.0183282,
0,10,0.184783,0.0184783,
0,10,0.178445,0.0178445,
0,10,0.178445,0.0178445,
0,10,0.178445,0.0178445,
0,10,0.178445,0.0178445,
0,4,0.147149,0.03678725,
0,4,0.147149,0.03678725,
0,4,0.147149,0.03678725,
0,4,0.147149,0.03678725,
0,19,0.346716,0.01824821052631579,
0,19,0.362084,0.019057052631578947,
0,1,0.988817,0.988817,
0,1,1.025344,1.025344,
0,1,0.996516,0.996516,
0,3,0.115668,0.038556,
0,3,0.099871,0.03329033333333333,
0,16,0.300543,0.0187839375,
0,13,0.247473,0.019036384615384615,
0,11,0.284841,0.025894636363636366,
0,4,0.100051,0.02501275,
0,2,0.046882,0.023441,
0,2,0.134394,0.067197,
0,2,0.131521,0.0657605,
0,3,0.153169,0.051056333333333336,
0,3,0.14729,0.04909666666666667,
0,3,0.178405,0.05946833333333334,
0,3,0.078133,0.026044333333333333,
0,3,0.263161,0.08772033333333333,
0,2,0.253936,0.126968,
0,2,0.35419,0.177095,
0,3,0.378836,0.12627866666666668,
0,1,1.45457,1.45457,
0,1,1.355364,1.355364,
0,3,0.31598,0.10532666666666667,
0,2,0.093761,0.0468805,
0,12,0.269844,0.022486999999999997,
0,2,0.07004,0.03502,
0,2,0.164672,0.082336,
0,2,0.179144,0.089572,
0,1,1.359503,1.359503,
0,1,1.41349,1.41349,
0,1,1.370241,1.370241,
0,2,0.272679,0.1363395,
0,2,0.310235,0.1551175,
0,1,1.968852,1.968852,
0,3,0.125002,0.041667333333333334,
0,3,0.156256,0.05208533333333334,
0,20,0.404638,0.0202319,
0,18,0.363907,0.020217055555555554,
0,4,1.20159,0.3003975,
0,17,0.347324,0.020430823529411765,
0,14,0.353615,0.025258214285714287,
0,16,0.347201,0.0217000625,
0,14,0.347446,0.02481757142857143,
0,16,0.346984,0.0216865,
0,17,0.352933,0.020760764705882354,
0,63,13.203027,0.20957185714285714,
0,79,4.955504,0.06272789873417722,
0,63,3.031937,0.04812598412698413,
0,61,6.540672,0.10722413114754098,
0,62,6.556298,0.10574674193548388,
0,63,1.316176,0.02089168253968254,
0,64,1.338081,0.020907515625,
0,65,1.353668,0.02082566153846154,
0,66,1.369319,0.020747257575757575,
0,67,1.384959,0.02067102985074627,
0,68,1.400586,0.020596852941176472,
0,69,1.416211,0.020524797101449277,
0,70,1.438395,0.0205485,
0,71,1.45398,0.020478591549295776,
0,72,1.469646,0.02041175,
0,73,1.48527,0.020346164383561644,
0,74,1.500899,0.02028241891891892,
0,75,1.516615,0.020221533333333333,
0,76,1.538293,0.020240697368421053,
0,77,1.553883,0.0201802987012987,
0,78,1.569509,0.020121910256410257,
0,79,1.585145,0.02006512658227848,
0,80,1.600771,0.0200096375,
0,81,1.616398,0.019955530864197532,
0,82,1.638586,0.019982756097560977,
0,83,1.654178,0.019929855421686748,
0,84,1.669823,0.019878845238095237,
0,85,1.68545,0.019828823529411763,
0,86,1.70109,0.019780116279069768,
0,87,1.716718,0.0197323908045977,
0,88,1.738036,0.01975040909090909,
0,89,1.753662,0.019704067415730338,
0,90,1.769289,0.019658766666666664,
0,91,1.784928,0.019614593406593408,
0,92,1.800553,0.019571228260869565,
0,93,1.81618,0.019528817204301073,
0,94,1.837977,0.01955294680851064,
0,95,1.853643,0.01951203157894737,
0,96,1.869268,0.019471541666666665,
0,97,1.884887,0.019431824742268042,
0,98,1.900515,0.019393010204081632,
0,99,1.916141,0.019354959595959596,
0,100,1.937961,0.019379610000000002,
0,101,1.953584,0.019342415841584158,
0,102,1.969213,0.01930600980392157,
0,103,1.984849,0.0192703786407767,
0,104,2.00048,0.019235384615384616,
0,105,2.016101,0.019200961904761903,
0,106,2.037937,0.01922582075471698,
0,107,2.05355,0.019192056074766355,
0,108,2.069189,0.01915915740740741,
0,109,2.084782,0.019126440366972478,
0,110,2.100407,0.01909460909090909,
0,111,2.11603,0.01906333333333333,
0,112,2.141916,0.019124250000000002,
0,113,2.1575,0.0190929203539823,
0,114,2.173126,0.019062508771929824,
0,115,2.188752,0.019032626086956522,
0,116,2.204378,0.019003258620689658,
0,117,2.220003,0.018974384615384615,
0,118,2.242257,0.019002177966101694,
0,119,2.257882,0.01897379831932773,
0,120,2.273508,0.0189459,
0,121,2.289137,0.01891848760330579,
0,122,2.3048,0.018891803278688526,
0,123,2.320427,0.018865260162601625,
0,124,2.341776,0.018885290322580645,
0,125,2.357379,0.018859031999999998,
0,126,2.373043,0.018833674603174602,
0,127,2.388667,0.01880840157480315,
0,128,2.404296,0.0187835625,
0,129,2.419919,0.018759062015503876,
0,130,2.441725,0.0187825,
0,131,2.457328,0.018758229007633586,
0,132,2.472992,0.01873478787878788,
0,133,2.488617,0.018711406015037596,
0,134,2.504243,0.018688380597014928,
0,135,2.519871,0.01866571111111111,
0,136,2.541679,0.018688816176470585,
0,137,2.557283,0.018666299270072993,
0,138,2.572946,0.018644536231884057,
0,139,2.588571,0.01862281294964029,
0,140,2.604198,0.018601414285714286,
0,141,2.61981,0.01858021276595745,
0,142,2.641964,0.01860538028169014,
0,143,2.657595,0.018584580419580422,
0,144,2.67323,0.018564097222222225,
0,145,2.688848,0.01854377931034483,
0,146,2.704504,0.018524,
0,147,2.720132,0.018504299319727892,
0,148,2.741405,0.018523006756756756,
0,149,2.757045,0.018503657718120806,
0,150,2.772672,0.01848448,
0,151,2.788296,0.018465536423841057,
0,152,2.803922,0.018446855263157896,
0,153,2.819535,0.018428333333333335,
0,154,2.841844,0.01845353246753247,
0,155,2.857445,0.018435129032258062,
0,156,2.873111,0.018417378205128208,
0,157,2.888737,0.01839959872611465,
0,158,2.904362,0.018382037974683543,
0,159,2.919988,0.018364704402515725,
0,160,2.941797,0.018386231250000003,
0,161,2.957425,0.018369099378881988,
0,162,2.973065,0.018352253086419752,
0,163,2.988694,0.01833554601226994,
0,164,3.004315,0.018318993902439025,
0,165,3.019943,0.018302684848484848,
0,166,3.041762,0.018323867469879518,
0,167,3.057386,0.018307700598802396,
0,168,3.073003,0.018291684523809523,
0,169,3.088628,0.018275905325443785,
0,170,3.104256,0.018260329411764704,
0,171,3.11988,0.018244912280701756,
0,172,3.142033,0.018267633720930234,
0,173,3.157667,0.01825241040462428,
0,174,3.173285,0.018237270114942528,
0,175,3.188942,0.018222525714285714,
0,176,3.204532,0.018207568181818182,
0,177,3.220158,0.018192983050847458,
0,178,3.241881,0.01821281460674157,
0,179,3.257509,0.01819837430167598,
0,180,3.273133,0.018184072222222222,
0,181,3.288759,0.018169939226519338,
0,182,3.304389,0.018155983516483516,
0,183,3.320008,0.018142120218579236,
0,184,3.341862,0.018162293478260868,
0,185,3.357464,0.018148454054054054,
0,186,3.373114,0.018135021505376346,
0,187,3.388741,0.018121609625668448,
0,188,3.404366,0.01810832978723404,
0,189,3.419992,0.018095195767195767,
0,190,3.441802,0.01811474736842105,
0,191,3.457403,0.018101586387434553,
0,192,3.473067,0.018088890625,
0,193,3.488657,0.018075943005181346,
0,194,3.504321,0.01806351030927835,
0,195,3.519906,0.018050800000000002,
0,196,3.541714,0.0180699693877551,
0,197,3.557352,0.018057624365482233,
0,198,3.572961,0.018045257575757576,
0,199,3.58858,0.018033065326633166,
0,200,3.604245,0.018021225000000002,
0,201,3.619871,0.018009308457711443,
0,202,3.641611,0.018027777227722773,
0,203,3.657243,0.018015975369458127,
0,204,3.672868,0.018004254901960785,
0,205,3.688526,0.01799280975609756,
0,206,3.704151,0.017981315533980583,
0,207,3.719752,0.017969816425120775,
0,208,3.741563,0.017988283653846155,
0,209,3.757179,0.017976933014354067,
0,210,3.772792,0.01796567619047619,
0,211,3.788418,0.01795458767772512,
0,212,3.804042,0.017943594339622643,
0,213,3.819677,0.017932755868544602,
0,214,3.841551,0.017951172897196263,
0,215,3.8572,0.01794046511627907,
0,216,3.872844,0.017929833333333336,
0,217,3.888433,0.017919046082949308,
0,218,3.904082,0.017908633027522936,
0,219,3.919707,0.017898205479452055,
0,220,3.941559,0.017916177272727273,
0,221,3.957187,0.017905823529411762,
0,222,3.972812,0.01789554954954955,
0,223,3.988414,0.017885264573991033,
0,224,4.004079,0.01787535267857143,
0,225,4.019689,0.01786528444444444,
0,226,4.041519,0.017882827433628318,
0,227,4.05715,0.017872907488986785,
0,228,4.072785,0.017863092105263156,
0,229,4.088413,0.017853331877729257,
0,230,4.104013,0.017843534782608698,
0,231,4.11963,0.017833896103896102,
0,232,4.141792,0.01785255172413793,
0,233,4.157417,0.01784299141630901,
0,234,4.173046,0.017833529914529914,
0,235,4.188672,0.01782413617021277,
0,236,4.204293,0.017814800847457627,
0,237,4.219959,0.01780573417721519,
0,238,4.241289,0.017820542016806724,
0,239,4.256931,0.017811426778242677,
0,240,4.272557,0.017802320833333333,
0,241,4.28815,0.017793153526970956,
0,242,4.303794,0.01778427272727273,
0,243,4.319397,0.0177752962962963,
0,244,4.341544,0.017793213114754097,
0,245,4.35717,0.017784367346938775,
0,246,4.372806,0.017775634146341462,
0,247,4.38843,0.017766923076923076,
0,248,4.404054,0.017758282258064518,
0,249,4.4197,0.01774979919678715,
0,250,4.441037,0.017764148,
0,251,4.456658,0.017755609561752986,
0,252,4.472274,0.017747119047619046,
0,253,4.487872,0.017738624505928856,
0,254,4.503522,0.01773040157480315,
0,255,4.519125,0.01772205882352941,
0,256,4.541296,0.0177394375,
0,257,4.556936,0.017731268482490275,
0,258,4.572547,0.0177230503875969,
0,259,4.588187,0.01771500772200772,
0,260,4.603799,0.01770691923076923,
0,261,4.619425,0.017698946360153255,
0,262,4.641222,0.01771458778625954,
0,263,4.656848,0.0177066463878327,
0,264,4.67245,0.017698674242424245,
0,265,4.688113,0.01769099245283019,
0,266,4.703751,0.017683274436090225,
0,267,4.719341,0.01767543445692884,
0,268,4.741394,0.017691768656716417,
0,269,4.757037,0.017684152416356878,
0,270,4.772662,0.017676525925925928,
0,271,4.788287,0.0176689557195572,
0,272,4.803914,0.017661448529411764,
0,273,4.819524,0.017653934065934067,
0,274,4.841319,0.017669047445255475,
0,275,4.856962,0.017661680000000003,
0,276,4.872584,0.017654289855072464,
0,277,4.888172,0.017646830324909747,
0,278,4.903795,0.01763955035971223,
0,279,4.919422,0.017632336917562722,
0,280,4.941088,0.017646742857142857,
0,281,4.956717,0.01763956227758007,
0,282,4.972343,0.017632421985815605,
0,283,4.987969,0.01762533215547703,
0,284,5.003592,0.017618281690140847,
0,285,5.019243,0.017611378947368424,
0,286,5.041031,0.017625982517482517,
0,287,5.056653,0.017619,
0,288,5.072292,0.017612125,
0,289,5.087908,0.017605217993079583,
0,290,5.103534,0.017598393103448275,
0,291,5.119179,0.017591680412371132,
0,292,5.141044,0.01760631506849315,
0,293,5.156671,0.01759955972696246,
0,294,5.172335,0.01759297619047619,
0,295,5.187961,0.01758630847457627,
0,296,5.203556,0.01757958108108108,
0,297,5.2192,0.017573063973063973,
0,298,5.241016,0.017587302013422818,
0,299,5.256682,0.017580876254180602,
0,300,5.272308,0.01757436,
0,301,5.28792,0.01756784053156146,
0,302,5.303545,0.01756140728476821,
0,303,5.319149,0.017554947194719474,
0,304,5.340922,0.017568822368421052,
0,305,5.356588,0.017562583606557377,
0,306,5.372215,0.01755625816993464,
0,307,5.387825,0.017549918566775246,
0,308,5.40344,0.017543636363636362,
0,309,5.41906,0.017537411003236247,
0,310,5.440933,0.01755139677419355,
0,311,5.456525,0.01754509646302251,
0,312,5.47215,0.017538942307692307,
0,313,5.487786,0.017532862619808305,
0,313,5.656316,0.01807129712460064,
0,314,5.656316,0.018013745222929936,
0,315,5.687554,0.018055726984126986,
0,316,5.70318,0.01804803797468354,
0,317,5.718783,0.018040324921135647,
0,318,5.740642,0.018052333333333333,
0,319,5.756283,0.018044774294670846,
0,320,5.771895,0.018037171875,
0,321,5.78752,0.018029657320872274,
0,322,5.803161,0.018022239130434783,
0,323,5.818757,0.018014727554179565,
0,324,5.84063,0.018026635802469135,
0,325,5.856257,0.01801925230769231,
0,326,5.871857,0.01801183128834356,
0,327,5.887494,0.01800456880733945,
0,328,5.90312,0.017997317073170732,
0,329,5.918734,0.017990072948328266,
0,330,5.940914,0.0180027696969697,
0,331,5.956556,0.01799563746223565,
0,332,5.972168,0.0179884578313253,
0,333,5.987793,0.01798136036036036,
0,334,6.003409,0.017974278443113775,
0,335,6.019022,0.017967229850746266,
0,336,6.041169,0.017979669642857143,
0,337,6.056836,0.01797280712166172,
0,338,6.072461,0.01796586094674556,
0,339,6.088073,0.017958917404129793,
0,340,6.103692,0.017952035294117645,
0,341,6.119303,0.01794517008797654,
0,342,6.141445,0.017957441520467837,
0,343,6.157085,0.017950685131195337,
0,344,6.172737,0.017944002906976744,
0,345,6.188365,0.017937289855072463,
0,346,6.203994,0.017930618497109824,
0,347,6.219578,0.01792385590778098,
0,348,6.241384,0.017935011494252872,
0,349,6.257052,0.01792851575931232,
0,350,6.272675,0.01792192857142857,
0,351,6.288264,0.01791528205128205,
0,352,6.303925,0.01790887784090909,
0,353,6.319514,0.017902305949008497,
0,354,6.341681,0.017914353107344634,
0,355,6.357312,0.017907921126760564,
0,356,6.372935,0.017901502808988765,
0,357,6.388536,0.017895058823529413,
0,358,6.404186,0.017888787709497207,
0,359,6.419801,0.017882454038997214,
0,360,6.44113,0.017892027777777778,
0,361,6.456734,0.017885689750692522,
0,362,6.472363,0.017879455801104973,
0,363,6.488023,0.017873341597796143,
0,364,6.503612,0.017867065934065934,
0,365,6.519261,0.01786098904109589,
0,366,6.541438,0.017872781420765028,
0,367,6.557054,0.017866632152588557,
0,368,6.57267,0.017860516304347825,
0,369,6.588293,0.017854452574525746,
0,370,6.60396,0.01784854054054054,
0,371,6.619568,0.017842501347708897,
0,372,6.641414,0.017853263440860214,
0,373,6.657043,0.017847300268096514,
0,374,6.67268,0.01784139037433155,
0,375,6.688308,0.017835488,
0,376,6.703919,0.01782957180851064,
0,377,6.719544,0.017823724137931034,
0,378,6.742232,0.01783659259259259,
0,379,6.757858,0.017830759894459102,
0,380,6.773446,0.017824857894736843,
0,381,6.789107,0.017819178477690288,
0,382,6.804735,0.017813442408376963,
0,383,6.820364,0.017807738903394255,
0,384,6.842243,0.017818341145833333,
0,385,6.857834,0.017812555844155847,
0,386,6.873483,0.017806950777202072,
0,387,6.889121,0.017801346253229974,
0,388,6.904735,0.017795708762886598,
0,389,6.920372,0.01779015938303342,
0,390,6.942558,0.01780143076923077,
0,391,6.958181,0.017795859335038362,
0,392,6.973772,0.01779023469387755,
0,393,6.989417,0.01778477608142494,
0,394,7.005057,0.017779332487309646,
0,395,7.020683,0.017773881012658227,
0,396,7.042511,0.01778411868686869,
0,397,7.058139,0.01777868765743073,
0,398,7.073749,0.017773238693467336,
0,399,7.08939,0.017767894736842104,
0,400,7.105002,0.017762504999999998,
0,401,7.120626,0.017757172069825435,
0,402,7.142772,0.017768089552238804,
0,403,7.158397,0.017762771712158808,
0,404,7.174022,0.0177574801980198,
0,405,7.189652,0.017752227160493825,
0,406,7.205277,0.017746987684729064,
0,407,7.220904,0.01774177886977887,
0,408,7.242298,0.017750730392156862,
0,409,7.257923,0.017745533007334963,
0,410,7.273523,0.0177403,
0,411,7.289175,0.01773521897810219,
0,412,7.304774,0.017730033980582524,
0,413,7.320407,0.01772495641646489,
0,414,7.342557,0.017735644927536234,
0,415,7.358184,0.017730563855421686,
0,416,7.373804,0.017725490384615385,
0,417,7.389429,0.01772045323741007,
0,418,7.405058,0.017715449760765552,
0,419,7.420682,0.017710458233890215,
0,420,7.44282,0.017721,
0,421,7.458449,0.017716030878859857,
0,422,7.474072,0.01771107109004739,
0,423,7.489713,0.01770617730496454,
0,424,7.505339,0.017701271226415096,
0,425,7.52099,0.01769644705882353,
0,426,7.542856,0.017706234741784038,
0,427,7.558483,0.017701365339578452,
0,428,7.574069,0.01769642289719626,
0,429,7.589733,0.017691685314685315,
0,430,7.605353,0.017686867441860467,
0,431,7.620986,0.017682102088167055,
0,432,7.64276,0.017691574074074075,
0,433,7.658366,0.01768675750577367,
0,434,7.673991,0.017682006912442396,
0,435,7.689626,0.017677301149425288,
0,436,7.705249,0.017672589449541285,
0,437,7.720905,0.017667974828375288,
0,438,7.743047,0.017678189497716896,
0,439,7.75868,0.017673530751708428,
0,440,7.7743,0.017668863636363635,
0,441,7.789933,0.01766424716553288,
0,442,7.805598,0.017659723981900452,
0,443,7.821201,0.017655081264108353,
0,444,7.843373,0.017665254504504502,
0,445,7.859,0.01766067415730337,
0,446,7.874617,0.01765609192825112,
0,447,7.890234,0.01765153020134228,
0,448,7.905894,0.01764708482142857,
0,449,7.921504,0.017642547884187083,
0,450,7.943397,0.017651993333333334,
0,451,7.959063,0.01764758980044346,
0,452,7.974651,0.017643033185840706,
0,453,7.990315,0.01763866445916115,
0,454,8.00594,0.01763422907488987,
0,455,8.021552,0.017629784615384614,
0,456,8.043473,0.017639195175438598,
0,457,8.059098,0.01763478774617068,
0,458,8.074712,0.017630375545851527,
0,459,8.090319,0.017625967320261435,
0,460,8.105974,0.017621682608695653,
0,461,8.121599,0.017617351409978308,
0,462,8.143751,0.017627166666666666,
0,463,8.1594,0.017622894168466522,
0,464,8.17504,0.01761862068965517,
0,465,8.190665,0.017614333333333333,
0,466,8.206256,0.017609991416309013,
0,467,8.221882,0.017605743040685226,
0,468,8.244032,0.017615452991452993,
0,469,8.259676,0.01761124946695096,
0,470,8.275291,0.017607002127659574,
0,471,8.290903,0.017602766454352443,
0,472,8.306567,0.017598658898305083,
0,473,8.322193,0.017594488372093025,
0,474,8.344206,0.017603810126582277,
0,475,8.359849,0.017599682105263158,
0,476,8.375475,0.017595535714285713,
0,477,8.391115,0.017591436058700206,
0,478,8.406741,0.017587324267782426,
0,479,8.422366,0.017583227557411273,
0,480,8.44422,0.017592125,
0,481,8.459849,0.01758804365904366,
0,482,8.475474,0.017583970954356848,
0,483,8.491076,0.017579867494824014,
0,484,8.50674,0.017575909090909093,
0,485,8.522366,0.017571888659793814,
0,486,8.544514,0.01758130452674897,
0,487,8.560175,0.0175773613963039,
0,488,8.575785,0.017573329918032787,
0,489,8.591412,0.017569349693251534,
0,490,8.607038,0.017565383673469385,
0,491,8.622677,0.01756146028513238,
0,492,8.644508,0.017570138211382116,
0,493,8.660121,0.017566168356997973,
0,494,8.675746,0.01756223886639676,
0,495,8.691372,0.01755832727272727,
0,496,8.706999,0.017554433467741933,
0,497,8.722641,0.01755058551307847,
0,498,8.744824,0.0175598875502008,
0,499,8.760413,0.017555937875751503,
0,500,8.77604,0.01755208,
0,501,8.791674,0.01754825149700599,
0,502,8.807302,0.01754442629482072,
0,503,8.822926,0.017540608349900597,
0,504,8.844797,0.017549200396825396,
0,505,8.860425,0.01754539603960396,
0,506,8.876021,0.017541543478260868,
0,507,8.891663,0.01753779684418146,
0,508,8.907263,0.017533982283464568,
0,509,8.922929,0.017530312377210217,
0,510,8.944694,0.01753861568627451,
0,511,8.960298,0.017534829745596867,
0,512,8.975958,0.01753116796875,
0,513,8.991592,0.01752746978557505,
0,514,9.007217,0.017523768482490272,
0,515,9.022837,0.017520071844660198,
0,516,9.045021,0.01752911046511628,
0,517,9.06064,0.01752541586073501,
0,518,9.07626,0.017521737451737452,
0,519,9.144799,0.0176200366088632,
0,520,9.160433,0.017616217307692306,
0,521,9.176092,0.017612460652591172,
0,522,9.191717,0.017608653256704982,
0,523,9.207342,0.017604860420650098,
0,524,9.222967,0.017601082061068703,
0,525,9.245123,0.017609758095238095,
0,526,9.260751,0.01760599049429658,
0,527,9.276335,0.017602153700189752,
0,528,9.291971,0.017598429924242424,
0,529,9.307612,0.017594729678638944,
0,530,9.323222,0.017590984905660377,
0,531,9.345389,0.01759960263653484,
0,532,9.361015,0.01759589285714286,
0,533,9.376628,0.017592172607879927,
0,534,9.39228,0.017588539325842697,
0,535,9.407906,0.017584871028037383,
0,536,9.423518,0.017581190298507462,
0,537,9.445712,0.017589780260707635,
0,538,9.461296,0.017586052044609668,
0,539,9.476915,0.017582402597402597,
0,540,9.492565,0.017578824074074077,
0,541,9.508192,0.01757521626617375,
0,542,9.523799,0.01757158487084871,
0,543,9.545965,0.017580046040515655,
0,544,9.561593,0.017576457720588235,
0,545,9.577207,0.017572856880733945,
0,546,9.592857,0.017569335164835165,
0,547,9.608482,0.017565780621572213,
0,548,9.624094,0.017562215328467152,
0,549,9.645889,0.017569925318761385,
0,550,9.661477,0.017566321818181817,
0,551,9.677126,0.017562842105263158,
0,552,9.692752,0.017559333333333333,
0,553,9.708391,0.017555860759493672,
0,554,9.724004,0.01755235379061372,
0,555,9.745835,0.017560063063063062,
0,556,9.761418,0.017556507194244605,
0,557,9.777087,0.017553118491921003,
0,558,9.792705,0.01754965053763441,
0,559,9.808292,0.01754613953488372,
0,560,9.823915,0.017542705357142856,
0,561,9.845764,0.01755038146167558,
0,562,9.861379,0.017546937722419928,
0,563,9.877019,0.017543550621669627,
0,564,9.89263,0.017540124113475178,
0,565,9.908239,0.017536706194690267,
0,566,9.923896,0.0175333851590106,
0,567,9.945838,0.01754116049382716,
0,568,9.961464,0.017537788732394366,
0,569,9.977088,0.017534425307557118,
0,570,9.992715,0.017531078947368422,
0,571,10.00834,0.017527740805604205,
0,572,10.023967,0.017524417832167835,
0,573,10.045773,0.01753189005235602,
0,574,10.061401,0.01752857317073171,
0,575,10.077039,0.017525285217391304,
0,576,10.092666,0.01752198958333333,
0,577,10.108259,0.017518646447140383,
0,578,10.123923,0.017515437716262974,
0,579,10.146073,0.017523442141623487,
0,580,10.161713,0.017520194827586207,
0,581,10.177331,0.01751692082616179,
0,582,10.192976,0.017513704467353952,
0,583,10.208599,0.017510461406518008,
0,584,10.224239,0.017507258561643837,
0,585,10.246442,0.01751528547008547,
0,586,10.26207,0.017512064846416382,
0,587,10.277667,0.017508802385008515,
0,588,10.293294,0.017505602040816325,
0,589,10.308909,0.017502392190152802,
0,590,10.324536,0.017499213559322033,
0,591,10.346683,0.017507077834179357,
0,592,10.362313,0.017503907094594595,
0,593,10.377971,0.017500794266441824,
0,594,10.393586,0.01749761952861953,
0,595,10.409209,0.017494468907563027,
0,596,10.424849,0.017491357382550334,
0,597,10.446673,0.01749861474036851,
0,598,10.562213,0.0176625635451505,
0,599,10.57784,0.017659165275459097,
0,600,10.593489,0.017655815,
0,601,10.609094,0.01765240266222962,
0,602,10.624754,0.01764909302325581,
0,603,10.646806,0.017656394693200662,
0,604,10.662432,0.017653033112582782,
0,605,10.67806,0.017649685950413222,
0,606,10.693669,0.017646318481848184,
0,607,10.709275,0.017642957166392092,
0,608,10.724935,0.01763969572368421,
0,609,10.746759,0.017646566502463056,
0,610,10.762386,0.017643255737704918,
0,611,10.778011,0.017639952536824877,
0,612,10.793622,0.01763663725490196,
0,613,10.809225,0.01763331973898858,
0,614,10.824888,0.017630110749185666,
0,615,10.846696,0.01763690406504065,
0,616,10.862286,0.017633581168831167,
0,617,10.877925,0.017630348460291732,
0,618,10.893542,0.01762709061488673,
0,619,10.909166,0.017623854604200323,
0,620,10.924827,0.01762068870967742,
0,621,10.946664,0.017627478260869564,
0,622,10.962286,0.017624254019292605,
0,623,10.977912,0.017621046548956663,
0,624,10.993501,0.017617790064102565,
0,625,11.009149,0.0176146384,
0,626,11.02479,0.017611485623003194,
0,627,11.046645,0.017618253588516746,
0,628,11.062238,0.017615028662420384,
0,629,11.077896,0.017611917329093802,
0,630,11.093509,0.017608744444444442,
0,631,11.109143,0.017605614896988905,
0,632,11.124775,0.017602492088607594,
0,633,11.146918,0.017609665086887834,
0,634,11.162546,0.017606539432176656,
0,635,11.178169,0.017603415748031495,
0,636,11.193797,0.017600309748427672,
0,637,11.209422,0.017597208791208793,
0,638,11.225062,0.01759414106583072,
0,639,11.246795,0.017600618153364632,
0,640,11.262397,0.0175974953125,
0,641,11.278046,0.01759445553822153,
0,642,11.293657,0.017591366043613707,
0,643,11.309275,0.01758829704510109,
0,644,11.324924,0.017585285714285713,
0,645,11.346748,0.017591857364341084,
0,646,11.424838,0.01768550773993808,
0,647,11.44668,0.01769193199381762,
0,648,11.462266,0.01768868209876543,
0,649,11.477906,0.017685525423728816,
0,650,11.49353,0.017682353846153846,
0,651,11.509145,0.017679178187403995,
0,652,11.52481,0.017676088957055216,
0,653,11.5466,0.01768238897396631,
0,654,11.562233,0.01767925535168196,
0,655,11.577856,0.01767611603053435,
0,656,11.593496,0.01767301219512195,
0,657,11.609135,0.017669916286149164,
0,658,11.624747,0.01766678875379939,
0,659,11.646569,0.017673094081942335,
0,660,11.66216,0.017669939393939394,
0,661,11.677821,0.01766690015128593,
0,662,11.693449,0.01766382024169184,
0,663,11.709073,0.01766074358974359,
0,664,11.72466,0.017657620481927712,
0,665,11.746465,0.017663857142857144,
0,666,11.762085,0.01766078828828829,
0,667,11.77772,0.017657751124437782,
0,668,11.793356,0.017654724550898202,
0,669,11.808995,0.017651711509715992,
0,670,11.878034,0.01772840895522388,
0,671,11.893656,0.017725269746646795,
0,672,11.909323,0.017722206845238096,
0,673,11.924906,0.01771902823179792,
0,674,11.947074,0.017725629080118696,
0,675,11.962689,0.01772250222222222,
0,676,11.978319,0.017719406804733728,
0,677,11.993962,0.017716339734121123,
0,678,12.009588,0.01771325663716814,
0,679,12.025214,0.01771018262150221,
0,680,12.047011,0.017716192647058822,
0,681,12.062675,0.017713179148311307,
0,682,12.078305,0.017710124633431086,
0,683,12.093892,0.017707016105417278,
0,684,12.109526,0.01770398538011696,
0,685,12.125165,0.01770097080291971,
0,686,12.147326,0.017707472303206996,
0,687,12.162969,0.017704467248908298,
0,688,12.17857,0.01770140988372093,
0,689,12.194235,0.01769845428156749,
0,690,12.20986,0.01769544927536232,
0,691,12.225472,0.01769243415340087,
0,692,12.247204,0.01769827167630058,
0,693,12.262845,0.01769530303030303,
0,694,12.278472,0.017692322766570606,
0,695,12.294082,0.017689326618705037,
0,696,12.309708,0.017686362068965518,
0,697,12.325333,0.017683404591104734,
0,698,12.347141,0.017689313753581664,
0,699,12.362768,0.01768636337625179,
0,700,12.378408,0.01768344,
0,701,12.393996,0.017680450784593436,
0,702,12.409646,0.017677558404558404,
0,703,12.425271,0.0176746386913229,
0,704,12.447079,0.017680509943181818,
0,705,12.462731,0.017677632624113475,
0,706,12.478331,0.017674689801699717,
0,707,12.493944,0.01767177369165488,
0,708,12.50957,0.01766888418079096,
0,709,12.525196,0.01766600282087447,
0,710,12.547337,0.01767230563380282,
0,711,12.562962,0.017669426160337554,
0,712,12.578588,0.01766655617977528,
0,713,12.594214,0.017663694249649368,
0,714,12.609839,0.017660838935574227,
0,715,12.625969,0.0176586979020979,
0,716,12.647604,0.017664251396648043,
0,717,12.663228,0.017661405857740585,
0,718,12.678893,0.017658625348189416,
0,719,12.694481,0.0176557454798331,
0,720,12.710132,0.01765296111111111,
0,721,12.725736,0.01765011927877947,
0,722,12.747916,0.017656393351800553,
0,723,12.763528,0.017653565698478563,
0,724,12.779154,0.017650765193370166,
0,725,12.794794,0.017647991724137932,
0,726,12.810421,0.017645207988980716,
0,727,12.826012,0.017642382393397524,
0,728,12.847796,0.01764807142857143,
0,729,12.863442,0.01764532510288066,
0,730,12.879079,0.01764257397260274,
0,731,12.894705,0.017639815321477428,
0,732,12.910331,0.017637064207650273,
0,733,12.925944,0.017634302864938608,
0,734,12.947807,0.017640064032697546,
0,735,12.963439,0.017637331972789116,
0,736,12.979064,0.017634597826086954,
0,737,12.994683,0.017631862957937585,
0,738,13.010314,0.017629151761517615,
0,739,13.026409,0.017627075778078483,
0,740,13.047886,0.01763227837837838,
0,741,13.063485,0.017629534412955467,
0,742,13.079111,0.01762683423180593,
0,743,13.094722,0.01762412113055182,
0,744,13.110356,0.01762144623655914,
0,745,13.125999,0.017618790604026845,
0,746,13.147745,0.017624323056300267,
0,747,13.163369,0.017621645247657296,
0,748,13.178997,0.017618979946524064,
0,749,13.294906,0.017750208277703603,
0,750,13.310531,0.017747374666666666,
0,751,13.326121,0.017744501997336886,
0,752,13.347937,0.017749916223404254,
0,753,13.363562,0.01774709428950863,
0,754,13.379189,0.0177442824933687,
0,755,13.394785,0.017741437086092715,
0,756,13.410413,0.017738641534391534,
0,757,13.426061,0.017735879788639365,
0,758,13.447886,0.017741274406332455,
0,759,13.463496,0.017738466403162054,
0,760,13.479123,0.017735688157894735,
0,761,13.494725,0.017732884362680685,
0,762,13.510387,0.017730166666666665,
0,763,13.526014,0.017727410222804718,
0,764,13.547884,0.017732832460732983,
0,765,13.56351,0.01773007843137255,
0,766,13.579133,0.01772732767624021,
0,767,13.594744,0.017724568448500653,
0,768,13.610388,0.017721859375,
0,769,13.625988,0.017719100130039012,
0,770,13.64864,0.017725506493506495,
0,771,13.664262,0.01772277821011673,
0,772,13.67992,0.017720103626943005,
0,773,13.695516,0.01771735575679172,
0,774,13.711143,0.01771465503875969,
0,775,13.726767,0.01771195741935484,
0,776,13.748067,0.017716581185567012,
0,777,13.763718,0.017713922779922783,
0,778,13.779344,0.01771123907455013,
0,779,13.794951,0.0177085378690629,
0,780,13.810596,0.017705892307692307,
0,781,13.826238,0.017703249679897566,
0,782,13.848088,0.01770855242966752,
0,783,13.863701,0.01770587611749681,
0,784,13.879325,0.017703220663265306,
0,785,13.89493,0.01770054777070064,
0,786,13.910576,0.017697933842239187,
0,787,13.926183,0.01769527700127065,
0,788,13.948057,0.017700579949238578,
0,789,13.963653,0.01769791254752852,
0,790,13.979309,0.017695327848101267,
0,791,13.994913,0.01769268394437421,
0,792,14.010557,0.01769009722222222,
0,793,14.026194,0.01768750819672131,
0,794,14.048059,0.01769276952141058,
0,795,14.063686,0.01769017106918239,
0,796,14.079311,0.01768757663316583,
0,797,14.094912,0.017684958594730238,
0,798,14.110552,0.01768239598997494,
0,799,14.126165,0.017679806007509388,
0,800,14.148315,0.01768539375,
0,801,14.163954,0.017682838951310863,
0,802,14.179564,0.017680254364089775,
0,803,14.195189,0.017677694894146948,
0,804,14.210829,0.017675160447761195,
0,805,14.226457,0.017672617391304348,
0,806,14.248165,0.017677624069478908,
0,807,14.263805,0.017675099132589838,
0,808,14.279431,0.017672563118811883,
0,809,14.295052,0.01767002719406675,
0,810,14.310668,0.01766749135802469,
0,811,14.326294,0.017664974106041925,
0,812,14.348018,0.01766997290640394,
0,813,14.36368,0.01766750307503075,
0,814,14.379306,0.017664995085995085,
0,815,14.394934,0.01766249570552147,
0,816,14.410561,0.017660001225490194,
0,817,14.426186,0.01765751040391677,
0,818,14.448062,0.01766266748166259,
0,819,14.463689,0.01766018192918193,
0,820,14.479315,0.017657701219512194,
0,821,14.494954,0.017655242387332522,
0,822,14.510581,0.01765277493917275,
0,823,14.526176,0.01765027460510328,
0,824,14.594937,0.017712302184466018,
0,825,14.610564,0.017709774545454547,
0,826,14.626175,0.017707233656174333,
0,827,14.64834,0.017712623941958886,
0,828,14.664003,0.017710148550724638,
0,829,14.679618,0.01770762123039807,
0,830,14.695245,0.017705114457831326,
0,831,14.710856,0.0177025944645006,
0,832,14.72647,0.017700084134615386,
0,833,14.748618,0.017705423769507803,
0,834,14.76428,0.017702973621103117,
0,835,14.779875,0.017700449101796408,
0,836,14.795508,0.017697976076555023,
0,837,14.811131,0.017695497013142172,
0,838,14.826783,0.0176930584725537,
0,839,14.848507,0.017697862932061978,
0,840,14.864171,0.01769544166666667,
0,841,14.879769,0.01769294768133175,
0,842,14.895426,0.0176905296912114,
0,843,14.911036,0.01768806168446026,
0,844,14.926652,0.017685606635071092,
0,845,14.948801,0.01769088875739645,
0,846,14.964431,0.017688452718676122,
0,847,14.980052,0.017686011806375444,
0,848,14.995679,0.017683583726415094,
0,849,15.011328,0.017681187279151946,
0,850,15.026954,0.017678769411764706,
0,851,15.048773,0.01768363454759107,
0,852,15.064425,0.01768125,
0,853,15.080051,0.017678840562719813,
0,854,15.095662,0.017676419203747074,
0,855,15.111265,0.017673994152046783,
0,856,15.12689,0.01767160046728972,
0,857,15.149048,0.017676835472578763,
0,858,15.164671,0.017674441724941724,
0,859,15.180306,0.017672067520372526,
0,860,15.195963,0.017669724418604652,
0,861,15.211575,0.01766733449477352,
0,862,15.2272,0.017664965197215776,
0,863,15.249042,0.017669805330243336,
0,864,15.26467,0.017667442129629632,
0,865,15.280302,0.01766508901734104,
0,866,15.295946,0.01766275519630485,
0,867,15.311571,0.01766040484429066,
0,868,15.327174,0.01765803456221198,
0,869,15.349853,0.01766381242807825,
0,870,15.365501,0.01766149540229885,
0,871,15.381121,0.017659151549942596,
0,872,15.396752,0.017656825688073394,
0,873,15.412393,0.0176545166093929,
0,874,15.428003,0.017652177345537756,
0,875,15.449311,0.017656355428571427,
0,876,15.464926,0.01765402511415525,
0,877,15.480586,0.01765175142531357,
0,878,15.496205,0.017649436218678816,
0,879,15.511824,0.017647126279863482,
0,880,15.527434,0.017644811363636364,
0,881,15.549614,0.017649959137343928,
0,882,15.56523,0.01764765306122449,
0,883,15.580867,0.017645375990939977,
0,884,15.596467,0.017643062217194572,
0,885,15.612132,0.017640827118644068,
0,886,15.627744,0.017638537246049663,
0,887,15.649082,0.017642708004509584,
0,888,15.664734,0.017640466216216216,
0,889,15.680375,0.017638217097862768,
0,890,15.696,0.017635955056179774,
0,891,15.71159,0.017633658810325477,
0,892,15.727214,0.01763140582959641,
0,893,15.749373,0.017636475923852184,
0,894,15.764999,0.01763422706935123,
0,895,15.780652,0.01763201340782123,
0,896,15.796253,0.017629746651785714,
0,897,15.811865,0.017627497212931994,
0,898,15.827489,0.017625266146993317,
0,899,15.849176,0.01762978420467186,
0,900,15.864785,0.017627538888888888,
0,901,15.880441,0.017625350721420643,
0,902,15.896068,0.017623135254988914,
0,903,15.965577,0.017680594684385383,
0,904,15.981203,0.017678321902654868,
0,905,15.996807,0.017676029834254144,
0,906,16.012435,0.01767376931567329,
0,907,16.02807,0.01767152149944873,
0,908,16.049873,0.017676071585903085,
0,909,16.0655,0.017673817381738174,
0,910,16.081118,0.017671558241758242,
0,911,16.096769,0.017669340285400657,
0,912,16.112394,0.017667098684210524,
0,913,16.12798,0.017664819277108435,
0,914,16.150145,0.017669742888402624,
0,915,16.165791,0.017667531147540983,
0,916,16.181417,0.017665302401746723,
0,917,16.197042,0.017663077426390405,
0,918,16.212667,0.017660857298474945,
0,919,16.228257,0.017658603917301414,
0,920,16.250095,0.017663146739130435,
0,921,16.265707,0.017660919652551572,
0,922,16.281333,0.017658712581344903,
0,923,16.296975,0.017656527627302274,
0,924,16.312599,0.017654327922077922,
0,925,16.328186,0.01765209297297297,
0,926,16.350242,0.017656848812095033,
0,927,16.365844,0.017654632146709814,
0,928,16.381469,0.017652445043103447,
0,929,16.397085,0.017650252960172228,
0,930,16.412715,0.01764808064516129,
0,931,16.428333,0.017645900107411384,
0,932,16.450196,0.01765042489270386,
0,933,16.465823,0.017648256162915328,
0,934,16.481415,0.017646054603854388,
0,935,16.497074,0.01764392941176471,
0,936,16.512701,0.017641774572649573,
0,937,16.528286,0.017639579509071506,
0,938,16.550697,0.017644666311300638,
0,939,16.566325,0.01764251863684771,
0,940,16.581931,0.017640352127659575,
0,941,16.597562,0.017638216790648246,
0,942,16.613164,0.017636055201698517,
0,943,16.62879,0.01763392364793213,
0,944,16.65059,0.01763833686440678,
0,945,16.666216,0.017636207407407407,
0,946,16.681845,0.017634085623678648,
0,947,16.697455,0.017631948257655756,
0,948,16.713095,0.017629847046413502,
0,949,16.728682,0.017627694415173867,
0,950,16.750392,0.01763199157894737,
0,951,16.766049,0.017629914826498422,
0,952,16.781662,0.017627796218487396,
0,953,16.797289,0.017625696747114374,
0,954,16.812927,0.017623613207547167,
0,955,16.828513,0.017621479581151834,
0,956,16.850367,0.017625906903765688,
0,957,16.865996,0.017623820271682338,
0,958,16.881606,0.01762171816283925,
0,959,16.897231,0.01761963607924922,
0,960,16.912872,0.017617575,
0,961,16.928473,0.017615476586888657,
0,962,16.950636,0.01762020374220374,
0,963,16.966248,0.017618118380062307,
0,964,16.981881,0.017616059128630707,
0,965,16.997537,0.017614027979274614,
0,966,17.013161,0.017611967908902692,
0,967,17.028752,0.017609877973112722,
0,968,17.05056,0.017614214876033058,
0,969,17.066188,0.017612165118679052,
0,970,17.081799,0.01761010206185567,
0,971,17.097426,0.01760805973223481,
0,972,17.113067,0.017606036008230453,
0,973,17.128691,0.017603998972250772,
0,974,17.150846,0.017608671457905546,
0,975,17.166474,0.01760664,
0,976,17.182105,0.017604615778688524,
0,977,17.197731,0.01760259058341863,
0,978,17.213367,0.01760057975460123,
0,979,17.229006,0.017598576098059242,
0,980,17.250339,0.017602386734693876,
0,981,17.265966,0.017600373088685013,
0,982,17.281556,0.017598325865580446,
0,983,17.312844,0.017612252288911494,
0,984,17.32847,0.0176102337398374,
0,985,17.350653,0.01761487614213198,
0,986,17.366281,0.017612861054766733,
0,987,17.381868,0.017610808510638298,
0,988,17.397533,0.01760883906882591,
0,989,17.413158,0.01760683316481294,
0,990,17.428785,0.017604833333333333,
0,991,17.450605,0.01760908678102926,
0,992,17.466233,0.017607089717741935,
0,993,17.481826,0.01760506143001007,
0,994,17.497447,0.017603065392354126,
0,995,17.513073,0.017601078391959797,
0,996,17.528699,0.017599095381526104,
0,997,17.550842,0.01760365295887663,
0,998,17.566468,0.017601671342685372,
0,999,17.582093,0.01759969269269269,
0,1000,17.59772,0.017597719999999997,
0,1001,17.613358,0.017595762237762238,
0,1002,17.629009,0.01759382135728543,
0,1003,17.650859,0.01759806480558325,
0,1004,17.666487,0.017596102589641435,
0,1005,17.682075,0.017594104477611942,
0,1006,17.697707,0.01759215407554672,
0,1007,17.713327,0.0175901956305859,
0,1008,17.728952,0.01758824603174603,
0,1009,17.751093,0.01759275817641229,
0,1010,17.766718,0.0175908099009901,
0,1011,17.782343,0.017588865479723048,
0,1012,17.797971,0.01758692786561265,
0,1013,17.813597,0.017584992102665353,
0,1014,17.829223,0.017583060157790927,
0,1015,17.850926,0.017587119211822662,
0,1016,17.866553,0.01758518996062992,
0,1017,17.882178,0.017583262536873156,
0,1018,17.897831,0.017581366404715127,
0,1019,17.913423,0.017579414131501474,
0,1020,17.929081,0.017577530392156863,
0,1021,17.951236,0.017582013712047016,
0,1022,17.966891,0.01758012818003914,
0,1023,17.982518,0.017578218963831865,
0,1024,17.998142,0.017576310546875,
0,1025,18.013768,0.017574407804878046,
0,1026,18.029402,0.01757251656920078,
0,1027,18.051187,0.017576618305744886,
0,1028,18.066805,0.017574713035019455,
0,1029,18.082431,0.017572819241982507,
0,1030,18.098044,0.01757091650485437,
0,1031,18.113668,0.017569028128031038,
0,1032,18.129319,0.01756716957364341,
0,1033,18.151462,0.01757159922555663,
0,1034,18.167086,0.017569715667311414,
0,1035,18.182714,0.01756783961352657,
0,1036,18.198339,0.017565964285714285,
0,1037,18.213964,0.01756409257473481,
0,1038,18.229591,0.01756222639691715,
0,1039,18.251731,0.017566632338787296,
0,1040,18.267403,0.01756481057692308,
0,1041,18.283022,0.017562941402497596,
0,1042,18.298648,0.01756108253358925,
0,1043,18.314249,0.017559203259827422,
0,1044,18.329899,0.017557374521072797,
0,1045,18.351915,0.017561641148325362,
0,1046,18.367529,0.01755977915869981,
0,1047,18.383152,0.017557929321872015,
0,1048,18.398791,0.01755609828244275,
0,1049,18.414417,0.01755425834127741,
0,1050,18.430043,0.017552421904761906,
0,1051,18.452189,0.01755679257849667,
0,1052,18.46782,0.017554961977186312,
0,1053,18.483428,0.017553113010446344,
0,1054,18.499068,0.017551297912713475,
0,1055,18.514662,0.017549442654028437,
0,1056,18.53032,0.017547651515151516,
0,1057,18.552504,0.01755203784295175,
0,1058,18.568132,0.017550219281663514,
0,1059,18.583756,0.017548400377714827,
0,1060,18.599356,0.017546562264150942,
0,1061,18.615012,0.017544780395852968,
0,1062,18.699622,0.01760793032015066,
0,1063,18.715246,0.01760606396989652,
0,1064,18.730906,0.017604234962406016,
0,1065,18.752588,0.01760806384976526,
0,1066,18.768215,0.017606205440900566,
0,1067,18.78384,0.017604348641049674,
0,1068,18.799457,0.017602487827715355,
0,1069,18.815092,0.01760064733395697,
0,1070,18.830719,0.017598802803738316,
0,1071,18.852902,0.01760308309990663,
0,1072,18.868532,0.017601242537313433,
0,1073,18.884155,0.01759939888164026,
0,1074,18.899782,0.017597562383612663,
0,1075,18.915383,0.01759570511627907,
0,1076,18.931032,0.017593895910780668,
0,1077,18.953212,0.017598154131847725,
0,1078,18.968852,0.01759633766233766,
0,1079,18.984477,0.01759451065801668,
0,1080,19.000102,0.017592687037037036,
0,1081,19.015715,0.017590855689176687,
0,1082,19.03134,0.017589038817005544,
0,1083,19.053521,0.017593278855032316,
0,1084,19.069148,0.017591464944649447,
0,1085,19.084776,0.01758965529953917,
0,1086,19.100403,0.01758784806629834,
0,1087,19.116003,0.01758601931922723,
0,1088,19.131647,0.017584234375,
0,1089,19.153811,0.017588439853076218,
0,1090,19.169445,0.017586646788990825,
0,1091,19.185046,0.017584826764436297,
0,1092,19.200672,0.01758303296703297,
0,1093,19.216296,0.017581240622140896,
0,1094,19.231924,0.017579455210237658,
0,1095,19.253777,0.01758335799086758,
0,1096,19.269404,0.01758157299270073,
0,1097,19.285067,0.017579824065633548,
0,1098,19.300693,0.017578044626593806,
0,1099,19.316295,0.0175762465878071,
0,1100,19.331945,0.017574495454545456,
0,1101,19.354129,0.017578682107175295,
0,1102,19.369755,0.017576910163339385,
0,1103,19.385353,0.01757511604714415,
0,1104,19.401007,0.017573375905797103,
0,1105,19.416632,0.017571612669683257,
0,1106,19.432259,0.017569854430379745,
0,1107,19.454441,0.017574020776874436,
0,1108,19.470068,0.017572263537906137,
0,1109,19.48568,0.017570495942290352,
0,1110,19.501306,0.017568744144144145,
0,1111,19.516913,0.017566978397839782,
0,1112,19.532571,0.017565261690647482,
0,1113,19.554754,0.01756941060197664,
0,1114,19.570381,0.01756766696588869,
0,1115,19.586006,0.01756592466367713,
0,1116,19.601642,0.01756419534050179,
0,1117,19.617267,0.017562459265890777,
0,1118,19.632884,0.017560719141323792,
0,1119,19.655067,0.01756484986595174,
0,1120,19.670694,0.017563119642857145,
0,1121,19.686318,0.017561389830508475,
0,1122,19.701945,0.01755966577540107,
0,1123,19.717538,0.01755791451469279,
0,1124,19.733183,0.01755621263345196,
0,1125,19.755326,0.01756028977777778,
0,1126,19.770957,0.017558576376554173,
0,1127,19.786586,0.017556864241348714,
0,1128,19.802243,0.01755517996453901,
0,1129,19.817868,0.01755347032772365,
0,1130,19.83348,0.01755175221238938,
0,1131,19.85515,0.017555393457117593,
0,1132,19.87079,0.01755370141342756,
0,1133,19.886415,0.017551999117387466,
0,1134,19.902045,0.017550304232804233,
0,1135,19.917643,0.017548584140969166,
0,1136,19.93328,0.017546901408450704,
0,1137,19.95545,0.017550967458223394,
0,1138,19.971082,0.017549281195079085,
0,1139,19.986717,0.017547600526777875,
0,1140,20.002344,0.017545915789473687,
0,1141,20.017931,0.017544198948290974,
0,1142,20.033579,0.017542538528896673,
0,1143,20.055763,0.01754659930008749,
0,1144,20.07139,0.017544921328671328,
0,1145,20.087015,0.017543244541484718,
0,1146,20.102642,0.01754157242582897,
0,1147,20.118234,0.0175398727114211,
0,1148,20.133894,0.017538235191637632,
0,1149,20.15605,0.01754225413402959,
0,1150,20.171677,0.017540588695652174,
0,1151,20.187294,0.01753891746307559,
0,1152,20.20296,0.017537291666666666,
0,1153,20.218585,0.017535633130962708,
0,1154,20.23421,0.01753397746967071,
0,1155,20.255959,0.01753762683982684,
0,1156,20.27157,0.017535960207612458,
0,1157,20.28718,0.0175342955920484,
0,1158,20.302801,0.01753264335060449,
0,1159,20.318423,0.017530994823123383,
0,1160,20.334052,0.01752935517241379,
0,1161,20.356253,0.017533378983634797,
0,1162,20.37188,0.01753173838209983,
0,1163,20.387526,0.017530116938950988,
0,1164,20.403153,0.017528481958762887,
0,1165,20.418761,0.01752683347639485,
0,1166,20.434419,0.017525230703259002,
0,1167,20.457084,0.017529634961439586,
0,1168,20.472732,0.01752802397260274,
0,1169,20.48836,0.01752639863130881,
0,1170,20.503984,0.01752477264957265,
0,1171,20.519584,0.01752312894961571,
0,1172,20.535213,0.01752151279863481,
0,1173,20.55696,0.017525115089514067,
0,1174,20.572586,0.01752349744463373,
0,1175,20.588213,0.01752188340425532,
0,1176,20.603837,0.01752026955782313,
0,1177,20.619428,0.01751863041631266,
0,1178,20.635079,0.017517044991511035,
0,1179,20.657761,0.01752142578456319,
0,1180,20.673386,0.0175198186440678,
0,1181,20.689015,0.01751821761219306,
0,1182,20.704641,0.017516616751269035,
0,1183,20.720229,0.017514986475063398,
0,1184,20.735893,0.017513423141891894,
0,1185,20.757634,0.017516990717299577,
0,1186,20.77326,0.01751539629005059,
0,1187,20.788857,0.017513780117944397,
0,1188,20.804468,0.017512178451178452,
0,1189,20.820098,0.01751059545836838,
0,1190,20.835734,0.017509020168067227,
0,1191,20.857938,0.017512962216624687,
0,1192,20.873562,0.017511377516778524,
0,1193,20.889195,0.017509803017602684,
0,1194,20.904815,0.017508220268006698,
0,1195,20.920439,0.01750664351464435,
0,1196,20.936066,0.017505071906354516,
0,1197,20.957912,0.017508698412698413,
0,1198,20.973539,0.01750712771285476,
0,1199,20.989164,0.01750555796497081,
0,1200,21.004768,0.017503973333333332,
0,1201,21.020393,0.01750240882597835,
0,1202,21.036056,0.017500878535773708,
0,1203,21.057879,0.01750447132169576,
0,1204,21.073507,0.017502912790697673,
0,1205,21.089133,0.01750135518672199,
0,1206,21.104761,0.01749980182421227,
0,1207,21.120343,0.01749821292460646,
0,1208,21.135982,0.0174966738410596,
0,1209,21.158148,0.017500535980148883,
0,1210,21.173762,0.01749897685950413,
0,1211,21.189384,0.01749742691990091,
0,1212,21.20501,0.01749588283828383,
0,1213,21.220636,0.017494341302555647,
0,1214,21.236301,0.017492834431630973,
0,1215,21.257675,0.017496028806584362,
0,1216,21.273301,0.017494490953947367,
0,1217,21.288941,0.017492967132292522,
0,1218,21.304569,0.017491435960591134,
0,1219,21.320154,0.017489872026251026,
0,1220,21.335803,0.0174883631147541,
0,1221,21.474061,0.017587273546273544,
0,1222,21.489705,0.017585683306055647,
0,1223,21.505314,0.017584067048242027,
0,1224,21.52093,0.017582459150326798,
0,1225,21.536598,0.017580896326530614,
0,1226,21.557935,0.01758396003262643,
0,1227,21.573535,0.017582343113284434,
0,1228,21.589175,0.017580761400651467,
0,1229,21.604812,0.017579179820992677,
0,1230,21.620402,0.017577562601626014,
0,1231,21.636066,0.017576008123476847,
0,1232,21.657879,0.01757944724025974,
0,1233,21.673478,0.01757784103811841,
0,1234,21.689129,0.01757627957860616,
0,1234,21.888938,0.017738199351701782,
0,1235,21.888938,0.017723836437246964,
0,1236,21.920206,0.017734794498381876,
0,1237,21.935816,0.017733076798706546,
0,1238,21.957998,0.017736670436187398,
0,1239,21.973627,0.017734969330104922,
0,1240,21.989252,0.017733267741935486,
0,1241,22.004875,0.017731567284448024,
0,1242,22.020501,0.01772987198067633,
0,1243,22.036101,0.017728158487530166,
0,1244,22.057413,0.017731039389067525,
0,1245,22.073016,0.017729330120481928,
0,1246,22.088679,0.017727671749598717,
0,1247,22.104305,0.017725986367281475,
0,1248,22.119906,0.017724283653846155,
0,1249,22.135543,0.017722612489991994,
0,1250,22.157688,0.0177261504,
0,1251,22.173311,0.017724469224620305,
0,1252,22.188963,0.01772281389776358,
0,1253,22.204603,0.017721151636073424,
0,1254,22.220198,0.017719456140350878,
0,1255,22.235855,0.017717812749003983,
0,1256,22.257167,0.017720674363057323,
0,1257,22.272769,0.017718988862370725,
0,1258,22.288421,0.017717345786963434,
0,1259,22.304034,0.017715674344718033,
0,1260,22.31967,0.017714023809523808,
0,1261,22.335286,0.017712360031720855,
0,1262,22.357089,0.01771560142630745,
0,1263,22.3727,0.017713935075217735,
0,1264,22.388365,0.017712314082278482,
0,1265,22.403999,0.01771067114624506,
0,1266,22.419623,0.01770902290679305,
0,1267,22.435249,0.017707378847671665,
0,1268,22.457058,0.01771061356466877,
0,1269,22.47266,0.017708951930654058,
0,1270,22.488301,0.017707323622047244,
0,1271,22.503926,0.017705685287175452,
0,1272,22.519539,0.017704040094339624,
0,1273,22.535188,0.017702425765907307,
0,1274,22.55698,0.01770563579277865,
0,1275,22.572619,0.017704014901960784,
0,1275,22.775437,0.017863087843137254,
0,1276,22.775437,0.01784908855799373,
0,1277,22.806688,0.017859583398590447,
0,1278,22.822326,0.017857845070422537,
0,1279,22.837939,0.01785608991399531,
0,1280,22.860096,0.01785945,
0,1281,22.875716,0.01785770179547229,
0,1282,22.891339,0.017855958658346334,
0,1283,22.906965,0.01785422057677319,
0,1284,22.92259,0.017852484423676013,
0,1285,22.938216,0.017850751750972765,
0,1286,22.959884,0.017853720062208398,
0,1287,22.975516,0.017851993783993783,
0,1288,22.991135,0.017850260093167702,
0,1289,23.006763,0.017848536074476336,
0,1290,23.022388,0.017846812403100775,
0,1291,23.038013,0.017845091402013943,
0,1292,23.060654,0.017848803405572756,
0,1293,23.07628,0.01784708430007734,
0,1294,23.09193,0.017845386398763523,
0,1295,23.107555,0.017843671814671815,
0,1296,23.123181,0.017841960648148147,
0,1297,23.138789,0.017840238242097146,
0,1298,23.16094,0.017843559322033898,
0,1299,23.176562,0.017841849114703618,
0,1300,23.192226,0.017840173846153846,
0,1301,23.207825,0.017838451191391238,
0,1302,23.223451,0.01783675192012289,
0,1303,23.239072,0.01783505141980046,
0,1304,23.261245,0.017838378067484662,
0,1305,23.276851,0.017836667432950194,
0,1306,23.292496,0.017834989280245024,
0,1307,23.308099,0.01783328156082632,
0,1307,23.523524,0.01799810558530987,
0,1308,23.523524,0.017984345565749234,
0,1309,23.561029,0.01799925821237586,
0,1310,23.576614,0.017997415267175573,
0,1311,23.59228,0.017995636918382914,
0,1312,23.607906,0.017993830792682925,
0,1313,23.623518,0.017992016755521707,
0,1314,23.639143,0.017990215372907153,
0,1315,23.66097,0.017993133079847907,
0,1316,23.676557,0.0179913047112462,
0,1317,23.692222,0.017989538344722857,
0,1318,23.70782,0.01798772382397572,
0,1319,23.723446,0.017985933282789992,
0,1320,23.739071,0.017984144696969698,
0,1321,23.760895,0.01798705147615443,
0,1322,23.77652,0.017985264750378215,
0,1323,23.792148,0.01798348299319728,
0,1324,23.807776,0.01798170392749245,
0,1325,23.823383,0.017979911698113207,
0,1326,23.83901,0.01797813725490196,
0,1327,23.860833,0.01798103466465712,
0,1328,23.876458,0.017979260542168675,
0,1329,23.89207,0.017977479307750188,
0,1330,23.907695,0.01797571052631579,
0,1331,23.92332,0.017973944402704733,
0,1332,23.938923,0.017972164414414415,
0,1333,23.960768,0.017975069767441863,
0,1334,23.976381,0.017973299100449775,
0,1335,23.992007,0.01797154082397004,
0,1336,24.007609,0.017969767215568862,
0,1337,24.023258,0.017968031413612563,
0,1338,24.038899,0.017966292227204785,
0,1339,24.060686,0.01796914563106796,
0,1340,24.076347,0.017967423134328357,
0,1341,24.091974,0.017965677852348993,
0,1342,24.107561,0.017963905365126678,
0,1343,24.1232,0.017962174236783323,
0,1344,24.13881,0.017960424107142856,
0,1345,24.160965,0.01796354275092937,
0,1346,24.176591,0.01796180609212481,
0,1347,24.192226,0.017960078693392726,
0,1348,24.207869,0.017958359792284866,
0,1349,24.223486,0.017956624166048926,
0,1350,24.239111,0.017954897037037038,
0,1351,24.260397,0.017957362694300517,
0,1352,24.27606,0.017955665680473375,
0,1353,24.291672,0.01795393348115299,
0,1354,24.307298,0.017952214180206795,
0,1355,24.322924,0.01795049741697417,
0,1356,24.338531,0.0179487691740413,
0,1357,24.360347,0.017951619012527634,
0,1358,24.375982,0.017949913107511047,
0,1359,24.391607,0.017948202354672555,
0,1360,24.40719,0.017946463235294117,
0,1361,24.422816,0.0179447582659809,
0,1362,24.438476,0.017943080763582968,
0,1363,24.460277,0.017945911225238444,
0,1364,24.475866,0.017944183284457477,
0,1365,24.491517,0.0179425032967033,
0,1366,24.507116,0.017940787701317715,
0,1367,24.522766,0.017939111923920996,
0,1368,24.538381,0.017937413011695907,
0,1369,24.560208,0.01794025420014609,
0,1370,24.575836,0.017938566423357664,
0,1371,24.591435,0.017936859956236326,
0,1372,24.607048,0.017935166180758015,
0,1373,24.622687,0.017933493809176984,
0,1374,24.638301,0.017931805676855893,
0,1375,24.660447,0.017934870545454545,
0,1376,24.676073,0.017933192587209303,
0,1377,24.691735,0.017931543209876544,
0,1378,24.707358,0.0179298679245283,
0,1379,24.722986,0.01792819869470631,
0,1380,24.738608,0.017926527536231883,
0,1381,24.759982,0.017929023895727734,
0,1382,24.775606,0.01792735600578871,
0,1383,24.79122,0.017925683297180042,
0,1384,24.806827,0.017924007947976876,
0,1385,24.822472,0.017922362454873646,
0,1386,24.838098,0.017920705627705626,
0,1387,24.85994,0.017923532804614277,
0,1388,24.875556,0.017921870317002882,
0,1389,24.891182,0.017920217422606192,
0,1390,24.906807,0.01791856618705036,
0,1391,24.922463,0.01791693961179008,
0,1392,24.938051,0.017915266522988506,
0,1393,24.959865,0.017918065326633165,
0,1394,24.975491,0.017916421090387376,
0,1395,24.991116,0.017914778494623657,
0,1396,25.006732,0.017913131805157592,
0,1397,25.022382,0.01791151181102362,
0,1398,25.03797,0.017909849785407727,
0,1399,25.05976,0.017912623302358828,
0,1400,25.075406,0.017911004285714287,
0,1401,25.091008,0.01790935617416131,
0,1402,25.106632,0.01790772610556348,
0,1403,25.1223,0.017906129722024232,
0,1404,25.137891,0.01790448076923077,
0,1405,25.159744,0.017907291103202848,
0,1406,25.175375,0.017905672119487907,
0,1407,25.190999,0.017904050461975837,
0,1408,25.206623,0.017902431107954545,
0,1409,25.222248,0.017900814762242725,
0,1410,25.237873,0.017899200709219857,
0,1411,25.259541,0.017901871722182848,
0,1412,25.275164,0.017900257790368274,
0,1413,25.290792,0.017898649681528662,
0,1414,25.306422,0.017897045261669024,
0,1415,25.322057,0.01789544664310954,
0,1416,25.337682,0.017893843220338983,
0,1417,25.359506,0.01789661679604799,
0,1418,25.375141,0.01789502186177715,
0,1419,25.390748,0.017893409443269906,
0,1420,25.40641,0.017891838028169016,
0,1421,25.422018,0.01789023082336383,
0,1422,25.437643,0.017888637834036568,
0,1423,25.459471,0.01789140618411806,
0,1424,25.475117,0.017889829353932584,
0,1425,25.490743,0.017888240701754383,
0,1426,25.506344,0.017886636746143058,
0,1427,25.522008,0.017885079187105815,
0,1428,25.53762,0.017883487394957983,
0,1429,25.559411,0.017886221833449966,
0,1430,25.575058,0.017884655944055944,
0,1431,25.590697,0.017883086652690425,
0,1432,25.606308,0.017881499999999998,
0,1433,25.621948,0.017879935799023028,
0,1434,25.637553,0.017878349372384937,
0,1435,25.659357,0.017881085017421604,
0,1436,25.674997,0.017879524373259053,
0,1437,25.690597,0.017877938065414056,
0,1438,25.706223,0.01787637204450626,
0,1439,25.72185,0.017874808895066017,
0,1440,25.737476,0.01787324722222222,
0,1441,25.759355,0.017876027064538516,
0,1442,25.775019,0.01787449306518724,
0,1443,25.790631,0.017872925155925156,
0,1444,25.80627,0.01787137811634349,
0,1445,25.821877,0.01786981107266436,
0,1446,25.83751,0.017868264177040113,
0,1447,25.859335,0.017870998617829995,
0,1448,25.874996,0.017869472375690608,
0,1449,25.890622,0.017867924085576258,
0,1450,25.906247,0.01786637724137931,
0,1451,25.921874,0.017864833907649896,
0,1452,25.937464,0.017863267217630853,
0,1453,25.959281,0.017865988300068823,
0,1454,25.974907,0.0178644477303989,
0,1455,25.990509,0.017862892783505155,
0,1456,26.006173,0.017861382554945054,
0,1457,26.021799,0.017859848318462594,
0,1458,26.037393,0.01785829423868313,
0,1459,26.059188,0.017860992460589444,
0,1460,26.07479,0.01785944520547945,
0,1461,26.090437,0.017857930869267624,
0,1462,26.10604,0.01785638850889193,
0,1463,26.121678,0.017854872180451127,
0,1464,26.1373,0.01785334699453552,
0,1465,26.159472,0.017856294880546075,
0,1466,26.175108,0.017854780354706685,
0,1467,26.190734,0.01785326107702795,
0,1468,26.206375,0.01785175408719346,
0,1469,26.222,0.017850238257317904,
0,1470,26.237588,0.01784869931972789,
0,1471,26.259758,0.01785163698164514,
0,1472,26.275376,0.01785011956521739,
0,1473,26.291022,0.017848623217922608,
0,1474,26.306647,0.017847114654002714,
0,1475,26.322288,0.017845618983050846,
0,1476,26.337876,0.01784408943089431,
0,1477,26.359687,0.017846775220040623,
0,1478,26.375314,0.017845273342354532,
0,1479,26.390921,0.017843759972954697,
0,1480,26.406581,0.01784228445945946,
0,1480,26.422167,0.01785281554054054,
0,1481,26.422167,0.017840760972316003,
0,1482,26.437792,0.01783926585695007,
0,1483,26.45997,0.017842191503708697,
0,1484,26.475594,0.017840696765498654,
0,1485,26.49122,0.017839205387205386,
0,1486,26.506813,0.017837693808882907,
0,1487,26.522475,0.017836230665770007,
0,1488,26.538063,0.017834719758064516,
0,1489,26.559976,0.017837458697112157,
0,1490,26.575593,0.01783596845637584,
0,1491,26.591227,0.017834491616364856,
0,1492,26.606854,0.01783301206434316,
0,1493,26.622495,0.017831543871399867,
0,1494,26.638086,0.01783004417670683,
0,1495,26.659938,0.017832734448160536,
0,1496,26.675552,0.017831251336898394,
0,1497,26.691177,0.01782977755511022,
0,1498,26.706818,0.01782831642189586,
0,1499,26.722418,0.01782682988659106,
0,1500,26.738044,0.017825362666666667,
0,1501,26.75979,0.017827974683544304,
0,1502,26.775417,0.01782650932090546,
0,1503,26.791041,0.01782504391217565,
0,1504,26.806644,0.0178235664893617,
0,1505,26.82227,0.01782210631229236,
0,1506,26.837894,0.01782064674634794,
0,1507,26.860118,0.017823568679495687,
0,1508,26.875763,0.01782212400530504,
0,1509,26.891386,0.01782066666666667,
0,1510,26.907027,0.017819223178807946,
0,1511,26.922614,0.017817745863666447,
0,1512,26.938239,0.017816295634920633,
0,1513,26.960116,0.017818979510905487,
0,1514,26.975744,0.017817532364597093,
0,1515,26.991356,0.017816076567656765,
0,1516,27.006981,0.017814631266490764,
0,1517,27.022606,0.017813187870797626,
0,1518,27.038208,0.017811731225296442,
0,1519,27.06004,0.01781437788018433,
0,1520,27.075643,0.017812923026315788,
0,1521,27.091271,0.017811486522024984,
0,1522,27.106931,0.017810072930354796,
0,1523,27.122533,0.017808623112278398,
0,1524,27.138163,0.017807193569553806,
0,1525,27.160327,0.01781005049180328,
0,1526,27.175937,0.017808608781127132,
0,1527,27.191563,0.01780717943680419,
0,1528,27.207217,0.017805770287958114,
0,1529,27.222814,0.017804325703073904,
0,1530,27.23848,0.017802928104575164,
0,1531,27.260394,0.01780561332462443,
0,1532,27.276007,0.017804182114882508,
0,1533,27.291633,0.017802761252446186,
0,1534,27.307258,0.01780134159061278,
0,1535,27.322906,0.017799938762214983,
0,1536,27.338524,0.017798518229166668,
0,1537,27.360413,0.017801179570592063,
0,1538,27.376012,0.017799747724317295,
0,1539,27.391629,0.017798329434697856,
0,1540,27.407258,0.01779692077922078,
0,1541,27.422893,0.017795517845554835,
0,1542,27.438519,0.017794110894941633,
0,1543,27.46023,0.017796649384316268,
0,1544,27.475869,0.017795251943005182,
0,1545,27.491469,0.017793831067961164,
0,1546,27.507121,0.017792445666235446,
0,1547,27.522726,0.017791031674208143,
0,1548,27.538385,0.017789654392764857,
0,1549,27.560575,0.017792495158166558,
0,1550,27.576203,0.01779109870967742,
0,1551,27.591791,0.017789678272082526,
0,1552,27.60746,0.017788311855670102,
0,1553,27.623066,0.017786906632324535,
0,1554,27.638667,0.017785500000000003,
0,1555,27.660501,0.017788103536977493,
0,1556,27.67613,0.017786715938303343,
0,1557,27.691751,0.01778532498394348,
0,1558,27.707401,0.017783954428754814,
0,1559,27.723012,0.017782560615779347,
0,1560,27.738653,0.01778118782051282,
0,1561,27.760447,0.017783758488148622,
0,1562,27.776074,0.01778237772087068,
0,1563,27.79167,0.017780978886756237,
0,1564,27.807335,0.01777962595907928,
0,1565,27.822961,0.01777824984025559,
0,1566,27.838585,0.017776874201787994,
0,1567,27.860435,0.017779473516273132,
0,1568,27.876071,0.017778106505102042,
0,1569,27.891667,0.017776715742511155,
0,1570,27.907291,0.01777534458598726,
0,1571,27.922915,0.01777397517504774,
0,1572,27.938545,0.01777261132315522,
0,1573,27.960588,0.01777532612841704,
0,1574,27.976249,0.017773982846251587,
0,1575,27.991834,0.017772593015873018,
0,1576,28.00746,0.017771230964467005,
0,1577,28.023086,0.017769870640456563,
0,1578,28.038712,0.01776851204055767,
0,1579,28.060355,0.017770965801139963,
0,1580,28.075981,0.0177696082278481,
0,1581,28.091607,0.01776825237191651,
0,1582,28.107232,0.017766897597977244,
0,1583,28.122859,0.0177655457991156,
0,1584,28.138485,0.017764195075757574,
0,1585,28.160633,0.017766960883280756,
0,1586,28.176259,0.01776561097099622,
0,1587,28.191883,0.01776426149968494,
0,1588,28.223156,0.017772768261964736,
0,1589,28.2388,0.017771428571428573,
0,1590,28.260696,0.017774022641509433,
0,1591,28.276299,0.017772658076681335,
0,1592,28.291952,0.01777132663316583,
0,1593,28.307582,0.017769982423101068,
0,1594,28.323167,0.017768611668757844,
0,1595,28.338826,0.017767289028213167,
0,1596,28.36057,0.017769780701754386,
0,1597,28.376198,0.017768439574201628,
0,1598,28.391822,0.017767097622027536,
0,1599,28.407456,0.017765763602251405,
0,1600,28.423038,0.01776439875,
0,1601,28.4387,0.017763085571517803,
0,1602,28.460673,0.017765713483146067,
0,1603,28.476266,0.01776435807860262,
0,1604,28.491891,0.017763024314214462,
0,1605,28.507522,0.017761695950155764,
0,1606,28.523141,0.017760361768368618,
0,1607,28.538803,0.01775905600497822,
0,1608,28.560978,0.017761802238805968,
0,1609,28.57662,0.017760484773151026,
0,1610,28.592242,0.01775915652173913,
0,1611,28.607868,0.017757832402234636,
0,1612,28.62348,0.017756501240694788,
0,1613,28.639105,0.017755179789212646,
0,1614,28.66098,0.017757732342007435,
0,1615,28.676594,0.017756404953560373,
0,1616,28.69222,0.017755086633663365,
0,1617,28.707845,0.017753769325912182,
0,1618,28.723448,0.01775244004944376,
0,1619,28.739097,0.017751140827671402,
0,1620,28.761267,0.01775386851851852,
0,1621,28.77687,0.017752541640962367,
0,1622,28.792535,0.017751254623921086,
0,1623,28.808163,0.017749946395563772,
0,1624,28.823772,0.017748628078817736,
0,1625,28.839396,0.017747320615384615,
0,1626,28.861576,0.017750046740467405,
0,1627,28.877204,0.017748742470805164,
0,1628,28.892803,0.01774742199017199,
0,1629,28.908454,0.01774613505217925,
0,1630,28.924055,0.017744819018404908,
0,1631,28.939719,0.01774354322501533,
0,1632,28.961395,0.01774595281862745,
0,1633,28.977022,0.0177446552357624,
0,1634,28.992652,0.017743361077111382,
0,1635,29.008288,0.01774207217125382,
0,1636,29.023914,0.017740778728606358,
0,1637,29.039514,0.017739470983506415,
0,1638,29.061665,0.017742164224664226,
0,1639,29.077291,0.017740873093349603,
0,1640,29.092951,0.017739604268292682,
0,1641,29.108576,0.017738315661182207,
0,1642,29.124164,0.017737006090133983,
0,1643,29.13979,0.017735721241631162,
0,1644,29.161638,0.017738222627737225,
0,1645,29.177279,0.01773694772036474,
0,1646,29.192902,0.017735663426488458,
0,1647,29.208557,0.017734400121432906,
0,1648,29.224184,0.0177331213592233,
0,1649,29.239806,0.017731841115827776,
0,1650,29.261985,0.017734536363636363,
0,1651,29.2776,0.017733252574197455,
0,1652,29.293226,0.017731976997578693,
0,1653,29.308864,0.01773071022383545,
0,1654,29.32446,0.01772941958887545,
0,1655,29.340116,0.0177281667673716,
0,1656,29.362298,0.017730856280193236,
0,1657,29.377926,0.017729587205793602,
0,1658,29.393528,0.017728303980699637,
0,1659,29.409163,0.017727042194092827,
0,1660,29.424803,0.017725784939759036,
0,1661,29.440428,0.01772452016857315,
0,1662,29.462113,0.01772690312876053,
0,1663,29.477738,0.01772563920625376,
0,1664,29.49335,0.017724368990384615,
0,1665,29.508977,0.01772310930930931,
0,1666,29.524581,0.017721837334933974,
0,1667,29.540244,0.01772060227954409,
0,1668,29.562426,0.017723276978417267,
0,1669,29.578038,0.017722011983223488,
0,1670,29.593678,0.017720765269461078,
0,1671,29.60927,0.01771949132256134,
0,1672,29.624896,0.017718239234449762,
0,1673,29.640522,0.017716988643156007,
0,1674,29.66223,0.017719372759856633,
0,1675,29.677856,0.017718122985074625,
0,1676,29.693481,0.017716874105011934,
0,1677,29.709118,0.017715633870005965,
0,1678,29.724725,0.017714377234803336,
0,1679,29.740386,0.017713154258487195,
0,1680,29.762233,0.01771561488095238,
0,1681,29.777845,0.017714363474122547,
0,1682,29.793473,0.017713123067776455,
0,1683,29.809086,0.0177118752228164,
0,1684,29.824703,0.017710631235154393,
0,1685,29.840362,0.01770941364985163,
0,1686,29.862184,0.01771185290628707,
0,1687,29.877773,0.017710594546532305,
0,1688,29.893444,0.01770938625592417,
0,1689,29.909071,0.01770815334517466,
0,1690,29.924658,0.017706898224852073,
0,1691,29.940313,0.01770568480189237,
0,1692,29.962151,0.01770812706855792,
0,1693,29.97778,0.017706898995865326,
0,1694,29.993383,0.01770565702479339,
0,1695,30.009015,0.017704433628318587,
0,1696,30.024621,0.017703196344339624,
0,1697,30.040279,0.01770199116087213,
0,1698,30.062107,0.017704421083627797,
0,1699,30.077696,0.017703175985874044,
0,1700,30.093341,0.017701965294117647,
0,1701,30.108981,0.017700753086419753,
0,1702,30.124581,0.017699518801410106,
0,1703,30.140236,0.01769831826189078,
0,1704,30.162072,0.01770074647887324,
0,1705,30.177662,0.017699508504398827,
0,1706,30.193284,0.017698290738569752,
0,1707,30.208914,0.017697079086115994,
0,1708,30.224535,0.017695863583138172,
0,1709,30.240201,0.017694675833820946,
0,1710,30.262006,0.01769707953216374,
0,1711,30.277648,0.017695878433664523,
0,1712,30.293274,0.017694669392523364,
0,1713,30.308914,0.01769346993578517,
0,1714,30.324501,0.017692240956826137,
0,1715,30.340166,0.01769105889212828,
0,1716,30.362081,0.017693520396270396,
0,1717,30.377695,0.0176923092603378,
0,1718,30.393319,0.01769110535506403,
0,1719,30.408945,0.017689904013961606,
0,1720,30.424546,0.01768868953488372,
0,1721,30.440172,0.017687490993608366,
0,1722,30.461955,0.017689869337979093,
0,1723,30.477576,0.017688668601276842,
0,1724,30.493224,0.017687484918793503,
0,1725,30.508864,0.01768629797101449,
0,1726,30.52449,0.017685104287369642,
0,1727,30.540119,0.017683913723219456,
0,1728,30.561957,0.017686317708333333,
0,1729,30.577549,0.017685106419895895,
0,1730,30.593197,0.017683928901734106,
0,1731,30.60882,0.017682738301559794,
0,1732,30.624445,0.017681550230946884,
0,1733,30.640085,0.01768037218695903,
0,1734,30.66187,0.01768273933102653,
0,1735,30.677496,0.017681553890489914,
0,1736,30.693121,0.017680369239631337,
0,1737,30.708786,0.017679208981001726,
0,1738,30.724412,0.017678027617951668,
0,1739,30.740014,0.01767683381253594,
0,1740,30.762179,0.017679413218390803,
0,1741,30.7778,0.017678230901780584,
0,1742,30.79345,0.017677066590126293,
0,1743,30.809075,0.0176758892713712,
0,1744,30.8247,0.017674713302752294,
0,1745,30.840326,0.017673539255014328,
0,1746,30.862164,0.01767592439862543,
0,1747,30.877764,0.017674736119061247,
0,1748,30.893401,0.017673570366132724,
0,1749,30.909003,0.017672385934819897,
0,1750,30.924667,0.017671238285714284,
0,1751,30.940293,0.017670070245573957,
0,1752,30.962097,0.017672429794520546,
0,1753,30.977723,0.01767126240730177,
0,1754,30.993367,0.01767010661345496,
0,1755,31.008993,0.01766894188034188,
0,1756,31.024635,0.017667787585421414,
0,1757,31.040259,0.01766662435970404,
0,1758,31.062085,0.017668990329920364,
0,1759,31.077699,0.017667822057987493,
0,1760,31.093313,0.017666655113636364,
0,1761,31.10895,0.01766550255536627,
0,1762,31.1246,0.017664358683314417,
0,1763,31.140205,0.017663190584231426,
0,1764,31.162373,0.01766574433106576,
0,1765,31.177999,0.01766458866855524,
0,1766,31.193638,0.017663441676104192,
0,1767,31.209261,0.017662286926994907,
0,1768,31.224862,0.01766112104072398,
0,1769,31.240527,0.017659992651215376,
0,1770,31.261865,0.017662070621468927,
0,1771,31.277457,0.017660901750423487,
0,1772,31.293102,0.017659764108352145,
0,1773,31.308717,0.017658610829103215,
0,1774,31.32433,0.017657457722660655,
0,1775,31.339959,0.017656314929577466,
0,1776,31.362065,0.017658820382882884,
0,1777,31.377662,0.017657660101294315,
0,1778,31.393292,0.017656519685039368,
0,1779,31.408953,0.01765539797639123,
0,1780,31.424578,0.017654257303370786,
0,1781,31.440209,0.017653121280179675,
0,1782,31.462048,0.017655470258136925,
0,1783,31.477637,0.017654311273135166,
0,1784,31.493308,0.017653199551569507,
0,1785,31.508933,0.017652063305322128,
0,1786,31.524558,0.017650928331466965,
0,1787,31.540149,0.017649775601566872,
0,1788,31.561971,0.017652109060402685,
0,1789,31.577574,0.017650963666852988,
0,1790,31.593224,0.017649845810055867,
0,1791,31.608839,0.01764870965940815,
0,1792,31.624492,0.01764759598214286,
0,1793,31.640115,0.017646466815393197,
0,1794,31.661951,0.017648802118171682,
0,1795,31.677552,0.017647661281337046,
0,1796,31.693167,0.017646529510022272,
0,1797,31.708814,0.017645416805787423,
0,1798,31.724429,0.017644287541713016,
0,1799,31.740081,0.017643180100055587,
0,1800,31.761904,0.017645502222222224,
0,1801,31.777555,0.017644394780677402,
0,1802,31.793181,0.017643274694783575,
0,1803,31.808796,0.017642149750415975,
0,1804,31.824397,0.017641018292682928,
0,1805,31.840047,0.017639915235457063,
0,1806,31.861859,0.017642225359911407,
0,1807,31.877447,0.017641088544548975,
0,1808,31.893088,0.017639982300884954,
0,1809,31.9087,0.01763886124930901,
0,1810,31.924326,0.017637749171270718,
0,1811,31.939976,0.01763665157371618,
0,1812,31.961878,0.017639005518763795,
0,1813,31.977504,0.017637895201323774,
0,1814,31.993104,0.017636771775082688,
0,1815,32.00877,0.017635685950413222,
0,1816,32.024399,0.017634580947136564,
0,1817,32.040007,0.01763346560264172,
0,1818,32.061805,0.01763575632563256,
0,1819,32.077432,0.017634652006597033,
0,1820,32.093055,0.017633546703296702,
0,1821,32.108681,0.017632444261394837,
0,1822,32.124305,0.01763134193194292,
0,1823,32.139898,0.017630223806911684,
0,1824,32.162046,0.017632700657894736,
0,1825,32.17771,0.01763162191780822,
0,1826,32.193295,0.01763050109529025,
0,1827,32.20895,0.017629419813902574,
0,1828,32.224548,0.017628308533916847,
0,1829,32.240173,0.01762721323127392,
0,1830,32.262312,0.01762967868852459,
0,1831,32.293564,0.017637118514472968,
0,1832,32.393308,0.017681936681222706,
0,1833,32.408973,0.017680836333878888,
0,1834,32.424559,0.01767969411123228,
0,1835,32.440188,0.017678576566757493,
0,1836,32.4625,0.017681100217864922,
0,1837,32.478124,0.017679980402830704,
0,1838,32.49375,0.01767886289445049,
0,1839,32.509376,0.017677746601413812,
0,1840,32.525002,0.01767663152173913,
0,1841,32.540628,0.01767551765344921,
0,1842,32.562775,0.017677945168295333,
0,1843,32.578393,0.01767682745523603,
0,1844,32.594056,0.017675735357917572,
0,1845,32.609682,0.017674624390243903,
0,1846,32.625269,0.01767349349945829,
0,1847,32.640934,0.017672406063887387,
0,1848,32.662637,0.01767458712121212,
0,1849,32.678223,0.017673457544618715,
0,1850,32.693849,0.01767235081081081,
0,1851,32.709477,0.01767124635332253,
0,1852,32.725127,0.017670154967602592,
0,1853,32.740767,0.01766905936319482,
0,1854,32.762111,0.017671041531823084,
0,1855,32.777723,0.017669931536388142,
0,1856,32.793362,0.01766883728448276,
0,1857,32.808975,0.017667730210016153,
0,1858,32.824615,0.01766663885898816,
0,1859,32.840244,0.017665542764927378,
0,1860,32.862431,0.01766797365591398,
0,1861,32.878054,0.017666874798495432,
0,1862,32.893649,0.017665762083780883,
0,1863,32.909282,0.017664670960815886,
0,1864,32.924894,0.017663569742489272,
0,1865,32.940518,0.017662476139410185,
0,1866,32.96266,0.017664876741693463,
0,1867,32.978284,0.017663783610069633,
0,1868,32.993911,0.017662693254817986,
0,1869,33.009536,0.01766160299625468,
0,1870,33.025159,0.0176605128342246,
0,1871,33.062933,0.017671262960983432,
0,1872,33.078598,0.01767019123931624,
0,1873,33.094224,0.017669099839829148,
0,1874,33.109811,0.017667988794023478,
0,1875,33.125461,0.017666912533333336,
0,1876,33.141063,0.0176658118336887,
0,1877,33.162961,0.01766806659563133,
0,1878,33.178563,0.01766696645367412,
0,1879,33.194188,0.01766587972325705,
0,1880,33.209812,0.017664793617021276,
0,1881,33.225438,0.017663709728867622,
0,1882,33.241066,0.01766262805526036,
0,1883,33.262787,0.017664783324482212,
0,1884,33.278413,0.017663701167728238,
0,1885,33.294039,0.017662620159151193,
0,1886,33.309667,0.017661541357370095,
0,1887,33.3253,0.017660466348701644,
0,1888,33.340944,0.017659398305084745,
0,1889,33.362833,0.017661637374272104,
0,1890,33.378462,0.017660561904761903,
0,1891,33.3941,0.01765949233209942,
0,1892,33.409687,0.017658396934460887,
0,1893,33.425312,0.017657322768092974,
0,1894,33.440947,0.017656255015839496,
0,1895,33.463124,0.017658640633245383,
0,1896,33.478752,0.017657569620253166,
0,1897,33.494403,0.017656511860832894,
0,1898,33.509988,0.017655420442571127,
0,1899,33.525652,0.017654371774618222,
0,1900,33.541251,0.017653290000000002,
0,1901,33.563074,0.017655483429773803,
0,1902,33.578678,0.01765440483701367,
0,1903,33.594305,0.017653339464004204,
0,1904,33.609927,0.017652272584033613,
0,1905,33.625579,0.01765122257217848,
0,1906,33.678625,0.01766979275970619,
0,1907,33.69427,0.017668730991085475,
0,1908,33.709892,0.017667658280922434,
0,1909,33.725493,0.017666575694080672,
0,1910,33.74112,0.017665507853403144,
0,1911,33.762983,0.017667704343275772,
0,1912,33.778619,0.017666641736401673,
0,1913,33.794245,0.017665575013068476,
0,1914,33.809869,0.017664508359456634,
0,1915,33.82546,0.017663425587467363,
0,1916,33.84111,0.017662374739039668,
0,1917,33.862941,0.017664549295774646,
0,1918,33.878543,0.01766347393117831,
0,1919,33.894207,0.017662431995831163,
0,1920,33.909834,0.017661371874999998,
0,1921,33.925446,0.01766030504945341,
0,1922,33.94107,0.017659245577523415,
0,1923,33.962871,0.01766139937597504,
0,1924,33.978518,0.017660352390852393,
0,1925,33.994143,0.017659295064935066,
0,1926,34.009769,0.017658239356178607,
0,1927,34.025371,0.017657172288531395,
0,1928,34.041008,0.0176561244813278,
0,1929,34.062821,0.017658279419388283,
0,1930,34.078446,0.01765722590673575,
0,1931,34.09409,0.017656183324702226,
0,1932,34.109711,0.017655129917184265,
0,1933,34.125315,0.017654068804966373,
0,1934,34.14094,0.017653019648397106,
0,1935,34.163107,0.01765535245478036,
0,1936,34.178721,0.017654298037190083,
0,1937,34.194354,0.017653254517294784,
0,1938,34.209995,0.017652216202270383,
0,1939,34.22562,0.017651170706549767,
0,1940,34.241247,0.01765012731958763,
0,1941,34.262506,0.017651986604842865,
0,1942,34.278171,0.017650963439752834,
0,1943,34.293795,0.01764992022645394,
0,1944,34.309414,0.017648875514403292,
0,1945,34.325039,0.017647834961439585,
0,1946,34.340666,0.01764679650565262,
0,1947,34.362417,0.017648904468412944,
0,1948,34.378042,0.017647865503080083,
0,1949,34.393668,0.01764682811698307,
0,1950,34.409289,0.017645789230769232,
0,1951,34.424908,0.017644750384418248,
0,1952,34.440507,0.017643702356557375,
0,1953,34.462383,0.017645869431643625,
0,1954,34.477997,0.017644829580348007,
0,1955,34.493612,0.017643791304347827,
0,1956,34.509247,0.017642764314928425,
0,1957,34.524887,0.01764174092999489,
0,1958,34.540478,0.017640693564862104,
0,1959,34.562354,0.017642855538540073,
0,1960,34.577959,0.01764181581632653,
0,1961,34.593603,0.017640797042325344,
0,1962,34.609228,0.017639769622833843,
0,1963,34.624831,0.017638732042791646,
0,1964,34.640456,0.017637706720977597,
0,1965,34.66228,0.01763983715012723,
0,1966,34.677908,0.017638813835198372,
0,1967,34.693495,0.017637770716827657,
0,1968,34.709119,0.017636747459349594,
0,1969,34.724746,0.017635726764855256,
0,1970,34.740371,0.01763470609137056,
0,1971,34.762079,0.01763677270421106,
0,1972,34.777706,0.01763575354969574,
0,1973,34.793335,0.017634736441966548,
0,1974,34.808959,0.017633717831813576,
0,1975,34.824584,0.01763270075949367,
0,1976,34.84021,0.017631685222672066,
0,1977,34.862365,0.0176339731917046,
0,1978,34.877985,0.017632955005055614,
0,1979,34.89361,0.017631940373926226,
0,1980,34.909234,0.017630926262626263,
0,1981,34.924861,0.017629914689550732,
0,1982,34.940486,0.01762890312815338,
0,1983,34.962154,0.01763093998991427,
0,1984,34.977782,0.017629930443548388,
0,1985,34.993409,0.017628921410579344,
0,1986,35.009056,0.01762792346424975,
0,1987,35.024683,0.017626916456970308,
0,1988,35.040284,0.017625897384305835,
0,1989,35.062177,0.017628042735042735,
0,1990,35.077791,0.017627030653266332,
0,1991,35.093419,0.01762602661978905,
0,1992,35.109041,0.017625020582329315,
0,1993,35.124642,0.017624005017561464,
0,1994,35.140267,0.017623002507522568,
0,1995,35.162569,0.017625347869674183,
0,1996,35.178195,0.01762434619238477,
0,1997,35.19383,0.017623350025037555,
0,1998,35.209473,0.01762235885885886,
0,1999,35.225104,0.017621362681340673,
0,2000,35.240703,0.017620351500000003,
0,2001,35.262849,0.0176226131934033,
0,2002,35.278475,0.017621615884115885,
0,2003,35.294101,0.017620619570644033,
0,2004,35.309738,0.017619629740518963,
0,2005,35.325353,0.01761862992518703,
0,2006,35.340977,0.01761763559322034,
0,2007,35.362863,0.017619762331838564,
0,2008,35.378489,0.01761876942231076,
0,2009,35.394145,0.017617792434046792,
0,2010,35.409769,0.017616800497512436,
0,2011,35.425354,0.017615790154152162,
0,2012,35.441002,0.01761481212723658,
0,2013,35.462798,0.017616889220069546,
0,2014,35.478422,0.017615899702085405,
0,2015,35.509709,0.017622684367245657,
0,2016,35.54093,0.017629429563492064,
0,2017,35.562966,0.017631614278631632,
0,2018,35.578591,0.01763061992071358,
0,2019,35.594218,0.017629627538385338,
0,2020,35.609843,0.01762863514851485,
0,2021,35.625469,0.017627644235526967,
0,2022,35.641108,0.017626660731948567,
0,2023,35.662998,0.017628768166089968,
0,2024,35.678625,0.01762777915019763,
0,2025,35.69425,0.01762679012345679,
0,2026,35.709875,0.017625802073050343,
0,2027,35.725502,0.017624815984213123,
0,2028,35.741127,0.017623829881656804,
0,2029,35.76283,0.017625840315426317,
0,2030,35.778456,0.017624855172413793,
0,2031,35.794082,0.017623870999507633,
0,2032,35.809707,0.017622887303149606,
0,2033,35.825334,0.017621905558288242,
0,2034,35.84096,0.017620924287118978,
0,2035,35.862731,0.017622963636363634,
0,2036,35.87836,0.017621984282907663,
0,2037,35.893982,0.017621002454590085,
0,2038,35.90961,0.017620024533856724,
0,2039,35.925276,0.01761906620892594,
0,2040,35.940869,0.017618073039215684,
0,2041,35.963008,0.017620288094071533,
0,2042,35.978634,0.017619311459353575,
0,2043,35.99426,0.017618335780714634,
0,2044,36.009894,0.017617364970645793,
0,2045,36.025525,0.017616393643031785,
0,2046,36.041138,0.017615414467253177,
0,2047,36.063058,0.017617517342452368,
0,2048,36.078684,0.017616544921875,
0,2049,36.094315,0.01761557589067838,
0,2050,36.109938,0.017614603902439026,
0,2051,36.125563,0.017613633837152608,
0,2052,36.141187,0.017612664230019493,
0,2053,36.163303,0.017614857769118364,
0,2054,36.17893,0.017613889970788707,
0,2055,36.194556,0.017612922627737226,
0,2056,36.21018,0.01761195525291829,
0,2057,36.225806,0.017610989790957706,
0,2058,36.241432,0.01761002526724976,
0,2059,36.263568,0.017612223409422048,
0,2060,36.279195,0.017611259708737864,
0,2061,36.294821,0.017610296458030084,
0,2062,36.310446,0.017609333656644036,
0,2063,36.326072,0.01760837227338827,
0,2064,36.341698,0.017607411821705426,
0,2065,36.363502,0.017609444067796607,
0,2066,36.379127,0.01760848354307841,
0,2067,36.41038,0.01761508466376391,
0,2068,36.426005,0.017614122340425534,
0,2069,36.441632,0.0176131619139681,
0,2070,36.463767,0.017615346376811593,
0,2071,36.479394,0.01761438628681796,
0,2072,36.495021,0.017613427123552124,
0,2073,36.510649,0.017612469368065604,
0,2074,36.526272,0.01761151012536162,
0,2075,36.541899,0.01761055373493976,
0,2076,36.564037,0.01761273458574181,
0,2077,36.579666,0.017611779489648535,
0,2078,36.595289,0.017610822425409046,
0,2079,36.610919,0.01760986964886965,
0,2080,36.626542,0.017608914423076924,
0,2081,36.642169,0.01760796203748198,
0,2082,36.664307,0.01761013784822286,
0,2083,36.679935,0.01760918626980317,
0,2084,36.695559,0.017608233685220732,
0,2085,36.711186,0.01760728345323741,
0,2086,36.726818,0.01760633652924257,
0,2087,36.742474,0.017605402012458075,
0,2088,36.763865,0.017607215038314177,
0,2089,36.779478,0.01760626041168023,
0,2090,36.795098,0.017605310047846892,
0,2091,36.810746,0.01760437398373984,
0,2092,36.826332,0.01760340917782027,
0,2093,36.841997,0.01760248303870043,
0,2094,36.864153,0.01760465759312321,
0,2095,36.87977,0.017603708830548927,
0,2096,36.895397,0.01760276574427481,
0,2097,36.911023,0.01760182308059132,
0,2098,36.926649,0.017600881315538608,
0,2099,36.942274,0.017599939971414957,
0,2100,36.96403,0.017601919047619048,
0,2101,36.979659,0.017600980009519276,
0,2102,36.995271,0.0176000337773549,
0,2103,37.010898,0.017599095577746075,
0,2104,37.026533,0.017598162072243347,
0,2105,37.042124,0.017597208551068885,
0,2106,37.06478,0.017599610636277303,
0,2107,37.080397,0.01759866967252017,
0,2108,37.096028,0.01759773624288425,
0,2109,37.11165,0.017596799431009957,
0,2110,37.127282,0.017595868246445497,
0,2111,37.142905,0.017594933680720036,
0,2112,37.165079,0.017597101799242423,
0,2113,37.180702,0.017596167534311404,
0,2114,37.196342,0.0175952421948912,
0,2115,37.211954,0.01759430449172577,
0,2116,37.227555,0.01759336247637051,
0,2117,37.243209,0.017592446386395844,
0,2118,37.264913,0.017594387629839472,
0,2119,37.280538,0.017593458235016516,
0,2120,37.296178,0.017592536792452828,
0,2121,37.311773,0.01759159500235738,
0,2122,37.327391,0.01759066493873704,
0,2123,37.34302,0.017589740932642487,
0,2124,37.365344,0.017591969868173258,
0,2125,37.380966,0.017591042823529413,
0,2126,37.39661,0.017590126999059267,
0,2127,37.412201,0.017589187118006583,
0,2128,37.427823,0.017588262687969924,
0,2129,37.443451,0.017587341944574918,
0,2130,37.465124,0.017589260093896716,
0,2131,37.480769,0.017588347724073205,
0,2132,37.496376,0.017587418386491555,
0,2133,37.512034,0.017586513830285984,
0,2134,37.527621,0.01758557685098407,
0,2135,37.543271,0.01758467025761124,
0,2136,37.565079,0.017586647471910112,
0,2137,37.580723,0.01758573841834347,
0,2138,37.596348,0.017584821328344248,
0,2139,37.611961,0.017583899485741,
0,2140,37.627587,0.017582984579439253,
0,2141,37.643212,0.01758207006071929,
0,2142,37.665142,0.01758409990662932,
0,2143,37.680765,0.01758318478768082,
0,2144,37.696391,0.01758227192164179,
0,2145,37.711981,0.017581343123543123,
0,2146,37.727604,0.017580430568499533,
0,2147,37.743236,0.017579523055426177,
0,2148,37.781028,0.017588932960893856,
0,2149,37.796654,0.01758801954397394,
0,2150,37.812294,0.017587113488372094,
0,2151,37.827906,0.017586195258019525,
0,2152,37.843532,0.017585284386617103,
0,2153,37.865725,0.01758742452392011,
0,2154,37.881336,0.0175865069637883,
0,2155,37.896962,0.017585597215777262,
0,2156,37.912569,0.017584679499072355,
0,2157,37.928191,0.017583769587389893,
0,2158,37.94383,0.017582868396663575,
0,2159,37.965892,0.017584943029180174,
0,2160,37.981514,0.01758403425925926,
0,2161,37.997161,0.017583137899120777,
0,2162,38.012787,0.017582232654949122,
0,2163,38.028414,0.017581328710124827,
0,2164,38.044014,0.01758041312384473,
0,2165,38.065772,0.01758234272517321,
0,2166,38.081398,0.017581439519852263,
0,2167,38.097025,0.017580537609598525,
0,2168,38.112625,0.017579624077490776,
0,2169,38.128252,0.017578723835869066,
0,2170,38.143878,0.01757782396313364,
0,2171,38.165925,0.017579882542607093,
0,2172,38.181565,0.0175789894106814,
0,2173,38.197201,0.017578095260009204,
0,2174,38.21281,0.017577189512419503,
0,2175,38.228451,0.017576299310344826,
0,2176,38.24408,0.017575404411764705,
0,2177,38.265836,0.017577324758842442,
0,2178,38.281471,0.017576432966023875,
0,2179,38.297096,0.017575537402478202,
0,2180,38.312716,0.01757464036697248,
0,2181,38.328351,0.017573751031636862,
0,2182,38.343966,0.01757285334555454,
0,2183,38.366274,0.01757502244617499,
0,2184,38.381899,0.017574129578754576,
0,2185,38.397525,0.017573237986270022,
0,2186,38.413151,0.017572347209515095,
0,2187,38.428776,0.017571456790123455,
0,2188,38.444402,0.0175705676416819,
0,2189,38.466054,0.01757243216080402,
0,2190,38.481679,0.01757154292237443,
0,2191,38.497307,0.01757065586490187,
0,2192,38.512932,0.01756976824817518,
0,2193,38.528556,0.017568880984952122,
0,2194,38.544225,0.017568015041020964,
0,2195,38.566128,0.017569989977220955,
0,2196,38.581784,0.01756911839708561,
0,2197,38.597399,0.017568228948566227,
0,2198,38.613022,0.017567343949044585,
0,2199,38.628623,0.01756644974988631,
0,2200,38.644287,0.017565584999999998,
0,2201,38.666126,0.017567526578827805,
0,2202,38.681752,0.017566644868301545,
0,2203,38.697384,0.01756576668179755,
0,2204,38.712967,0.017564867059891107,
0,2205,38.72859,0.01756398639455782,
0,2206,38.744254,0.017563125113327287,
0,2207,38.766145,0.017565086089714545,
0,2208,38.781758,0.017564201992753624,
0,2209,38.797361,0.01756331416930738,
0,2210,38.813009,0.017562447511312217,
0,2211,38.828615,0.01756156264133876,
0,2212,38.844238,0.017560686256781192,
0,2213,38.866005,0.017562586985991866,
0,2214,38.88165,0.017561720867208672,
0,2215,38.897275,0.017560846501128668,
0,2216,38.912916,0.017559980144404335,
0,2217,38.928517,0.01755909652683807,
0,2218,38.944153,0.017558229486023445,
0,2219,38.965979,0.017560152771518702,
0,2220,38.981619,0.017559287837837837,
0,2221,38.997217,0.017558404772624943,
0,2222,39.012871,0.017557547704770474,
0,2223,39.028457,0.017556660818713453,
0,2224,39.044091,0.01755579631294964,
0,2225,39.066275,0.017557876404494382,
0,2226,39.081875,0.01755699685534591,
0,2227,39.097502,0.01755613022002694,
0,2228,39.113126,0.01755526301615799,
0,2229,39.128738,0.0175543912068192,
0,2230,39.144364,0.017553526457399105,
0,2231,39.166256,0.017555471089197666,
0,2232,39.181879,0.017554605286738353,
0,2233,39.197505,0.01755374160322436,
0,2234,39.213132,0.017552879140555058,
0,2235,39.228717,0.017551998657718122,
0,2236,39.24438,0.017551153846153845,
0,2237,39.266348,0.017553128296826107,
0,2238,39.281962,0.017552261840929402,
0,2239,39.297586,0.017551400625279143,
0,2240,39.313211,0.017550540625,
0,2241,39.328822,0.017549675145024545,
0,2242,39.344452,0.017548818911685995,
0,2243,39.366327,0.01755074765938475,
0,2244,39.381914,0.01754987254901961,
0,2245,39.397565,0.017549026726057907,
0,2246,39.413165,0.0175481589492431,
0,2247,39.428833,0.017547322207387625,
0,2248,39.444456,0.01754646619217082,
0,2249,39.466287,0.017548371276122722,
0,2250,39.481915,0.01754751777777778,
0,2251,39.497563,0.017546673922701022,
0,2252,39.628758,0.01759713943161634,
0,2253,39.64442,0.017596280514869063,
0,2254,39.666254,0.017598160603371785,
0,2255,39.68187,0.01759728159645233,
0,2256,39.697521,0.017596418882978724,
0,2257,39.713125,0.01759553610988037,
0,2258,39.728752,0.01759466430469442,
0,2259,39.744374,0.017593791057990263,
0,2260,39.76624,0.017595681415929206,
0,2261,39.781828,0.017594793454223795,
0,2262,39.797501,0.01759394385499558,
0,2263,39.813127,0.017593074237737517,
0,2264,39.828743,0.01759220097173145,
0,2265,39.84437,0.017591333333333334,
0,2266,39.866195,0.01759320167696381,
0,2267,39.881781,0.017592316277018086,
0,2268,39.89743,0.0175914594356261,
0,2269,39.913055,0.01759059277214632,
0,2270,39.928697,0.01758973436123348,
0,2271,39.944321,0.01758886878027301,
0,2272,39.966158,0.01759073855633803,
0,2273,39.981747,0.017589857897052353,
0,2274,39.997397,0.017589004837291117,
0,2275,40.013022,0.017588141538461537,
0,2276,40.028651,0.017587280755711778,
0,2277,40.044256,0.01758641018884497,
0,2278,40.066442,0.017588429323968393,
0,2279,40.08203,0.017587551557700747,
0,2280,40.097659,0.01758669254385965,
0,2281,40.113292,0.017585836036825953,
0,2282,40.128914,0.0175849754601227,
0,2283,40.14454,0.01758411738939991,
0,2284,40.166697,0.01758611952714536,
0,2285,40.182316,0.017585258643326038,
0,2286,40.197951,0.017584405511811025,
0,2287,40.213571,0.01758354656755575,
0,2288,40.229197,0.017582690996503496,
0,2289,40.244823,0.017581836173001308,
0,2290,40.266519,0.017583632751091705,
0,2291,40.282153,0.017582781754692276,
0,2292,40.297746,0.017581913612565444,
0,2293,40.313376,0.017581062363715656,
0,2294,40.329022,0.01758021883173496,
0,2295,40.344647,0.017579366884531593,
0,2296,40.366488,0.01758122299651568,
0,2297,40.382113,0.01758037135393992,
0,2298,40.397712,0.0175795091383812,
0,2299,40.413372,0.0175786742061766,
0,2300,40.428976,0.017577815652173912,
0,2301,40.444587,0.017576960886571055,
0,2302,40.466326,0.017578768896611644,
0,2303,40.481951,0.01757792053842814,
0,2304,40.497562,0.01757706684027778,
0,2305,40.513165,0.017576210412147505,
0,2306,40.528829,0.017575381179531658,
0,2307,40.544455,0.01757453619419159,
0,2308,40.566241,0.017576360918544195,
0,2309,40.581905,0.017575532698137723,
0,2310,40.597517,0.017574682683982684,
0,2311,40.613142,0.017573839030722634,
0,2312,40.628768,0.01757299653979239,
0,2313,40.64441,0.0175721616947687,
0,2314,40.666233,0.017573998703543647,
0,2315,40.68186,0.01757315766738661,
0,2316,40.697458,0.017572304835924007,
0,2317,40.713072,0.017571459646094086,
0,2318,40.7287,0.017570621225194136,
0,2319,40.744323,0.017569781371280725,
0,2320,40.766461,0.017571750431034483,
0,2321,40.782088,0.017570912537699268,
0,2322,40.797727,0.017570080534022394,
0,2323,40.813368,0.017569250107619457,
0,2324,40.828989,0.01756841179001721,
0,2325,40.844618,0.0175675776344086,
0,2325,40.850169,0.017569965161290325,
0,2326,40.866001,0.01756921797076526,
0,2327,40.881646,0.017568391061452516,
0,2328,40.89727,0.017567555841924397,
0,2329,40.912871,0.017566711464147705,
0,2330,40.928535,0.017565894849785407,
0,2331,40.944162,0.017565063063063064,
0,2332,40.966081,0.01756693010291595,
0,2333,40.981689,0.01756609044149164,
0,2334,40.997318,0.017565260497000856,
0,2335,41.012943,0.017564429550321198,
0,2336,41.028569,0.017563599743150683,
0,2337,41.044194,0.017562770218228496,
0,2338,41.066069,0.017564614627887082,
0,2339,41.081676,0.017563777682770416,
0,2340,41.097307,0.01756295170940171,
0,2341,41.112911,0.017562114908158906,
0,2342,41.128533,0.01756128650725875,
0,2343,41.144158,0.017560460093896713,
0,2344,41.1663,0.01756241467576792,
0,2345,41.181925,0.017561588486140724,
0,2346,41.19755,0.017560763000852516,
0,2347,41.213177,0.017559939071154666,
0,65,1.335289,0.020542907692307693,
0,64,1.338812,0.0209189375,
0,74,1.385208,0.018719027027027026,
0,65,1.301018,0.02001566153846154,
0,79,1.400813,0.01773181012658228,
0,85,1.34892,0.015869647058823527,
0,91,1.410146,0.01549610989010989,
0,92,1.363432,0.014819913043478261,
0,86,1.452959,0.016894872093023254,
0,86,1.448316,0.016840883720930233,
0,86,1.455785,0.016927732558139535,
0,86,1.470174,0.01709504651162791,
0,87,1.47021,0.01689896551724138,
0,83,1.431315,0.017244759036144575,
0,84,1.432184,0.017049809523809523,
0,85,1.453422,0.017099082352941178,
0,83,1.431193,0.017243289156626505,
0,88,1.470147,0.01670621590909091,
0,86,1.447394,0.016830162790697677,
0,4,0.09981,0.0249525,
0,83,1.431456,0.017246457831325303,
0,85,1.448668,0.017043152941176472,
0,99,1.283738,0.012967050505050506,
0,7,0.106831,0.015261571428571428,
0,99,1.304717,0.013178959595959595,
0,7,0.107999,0.01542842857142857,
0,100,1.288233,0.012882329999999999,
0,100,1.266491,0.01266491,
0,100,1.277689,0.01277689,
0,100,1.280567,0.01280567,
0,100,1.289642,0.012896419999999999,
0,100,1.273081,0.012730809999999999,
0,1,0.033002,0.033002,
0,1,0.034002,0.034002,
0,1,0.049002,0.049002,
0,1,0.054011,0.054011,
0,1,0.068013,0.068013,
0,1,12.216832,12.216832,
0,1,0.375267,0.375267,
0,1,0.367236,0.367236,
0,1,0.372179,0.372179,
0,95,1.26427,0.013308105263157895,
0,100,1.28199,0.0128199,
0,100,1.282699,0.01282699,
0,97,1.432952,0.014772701030927836,
0,88,1.403671,0.015950806818181815,
0,98,1.535244,0.015665755102040817,
0,99,1.541164,0.015567313131313132,
0,100,1.163339,0.011633389999999999,
0,3,0.055508,0.018502666666666667,
0,100,1.41723,0.0141723,
0,1,0.033506,0.033506,
0,99,1.411933,0.014261949494949496,
0,100,1.421865,0.01421865,
0,98,1.509863,0.015406765306122448,
0,100,1.526676,0.015266759999999999,
0,99,1.524135,0.01539530303030303,
0,94,1.479345,0.015737712765957444,
0,31,1.136481,0.03666067741935484,
0,99,1.500738,0.015158969696969697,
0,97,1.492115,0.015382628865979383,
0,83,1.435214,0.017291734939759038,
0,86,1.451903,0.016882593023255812,
0,80,1.416451,0.0177056375,
0,73,1.385119,0.01897423287671233,
0,73,1.368455,0.01874595890410959,
0,78,1.394006,0.017871871794871794,
0,74,1.385075,0.01871722972972973,
0,29,1.163892,0.04013420689655172,
0,9,1.881394,0.20904377777777777,
0,88,1.4688,0.016690909090909093,
0,86,1.447907,0.016836127906976747,
0,8,1.916935,0.239616875,
0,86,1.451755,0.016880872093023254,
0,81,1.437511,0.01774704938271605,
0,86,1.451141,0.016873732558139534,
0,86,1.453644,0.016902837209302326,
0,86,1.449186,0.016851,
0,75,1.378761,0.018383479999999997,
0,62,1.316542,0.021234548387096777,
0,85,1.459227,0.017167376470588237,
0,86,1.450157,0.016862290697674417,
0,83,1.431764,0.017250168674698797,
0,86,1.453769,0.01690429069767442,
0,88,1.474154,0.01675175,
0,84,1.447088,0.017227238095238094,
0,86,1.467176,0.01706018604651163,
0,1,0.06902,0.06902,
0,76,1.394537,0.018349171052631577,
0,1,0.034023,0.034023,
0,83,1.435127,0.017290686746987954,
0,86,1.452377,0.01688810465116279,
